player 1,player 2,winner,winner points,Total_points,depth
"{'apertura': {'corner': 0.7868, 'mob': 0.6504, 'stable': 0.0343, 'parity': 0.0704, 'pos': 0.3266}, 'medio': {'corner': 0.2752, 'mob': 0.3236, 'stable': 0.2017, 'parity': 0.7226, 'pos': 0.2274}, 'final': {'corner': 0.7419, 'mob': 0.3482, 'stable': 0.5747, 'parity': 0.7517, 'pos': 0.5638}}",minimax,minimax,49,60,61
"{'apertura': {'corner': 0.5718, 'mob': 0.6722, 'stable': 0.524, 'parity': 0.868, 'pos': 0.3184}, 'medio': {'corner': 0.488, 'mob': 0.7334, 'stable': 0.9084, 'parity': 0.4039, 'pos': 0.5093}, 'final': {'corner': 0.7041, 'mob': 0.1319, 'stable': 0.926, 'parity': 0.4454, 'pos': 0.3273}}",minimax,"{'apertura': {'corner': 0.5718, 'mob': 0.6722, 'stable': 0.524, 'parity': 0.868, 'pos': 0.3184}, 'medio': {'corner': 0.488, 'mob': 0.7334, 'stable': 0.9084, 'parity': 0.4039, 'pos': 0.5093}, 'final': {'corner': 0.7041, 'mob': 0.1319, 'stable': 0.926, 'parity': 0.4454, 'pos': 0.3273}}",38,63,61
"{'apertura': {'corner': 0.1673, 'mob': 0.5739, 'stable': 0.0468, 'parity': 0.4004, 'pos': 0.8032}, 'medio': {'corner': 0.4896, 'mob': 0.4049, 'stable': 0.9376, 'parity': 0.0546, 'pos': 0.6751}, 'final': {'corner': 0.0058, 'mob': 0.7738, 'stable': 0.0367, 'parity': 0.3285, 'pos': 0.4191}}",minimax,"{'apertura': {'corner': 0.1673, 'mob': 0.5739, 'stable': 0.0468, 'parity': 0.4004, 'pos': 0.8032}, 'medio': {'corner': 0.4896, 'mob': 0.4049, 'stable': 0.9376, 'parity': 0.0546, 'pos': 0.6751}, 'final': {'corner': 0.0058, 'mob': 0.7738, 'stable': 0.0367, 'parity': 0.3285, 'pos': 0.4191}}",55,61,60
"{'apertura': {'corner': 0.076, 'mob': 0.8901, 'stable': 0.5475, 'parity': 0.9316, 'pos': 0.3677}, 'medio': {'corner': 0.9531, 'mob': 0.9477, 'stable': 0.0012, 'parity': 0.3431, 'pos': 0.6939}, 'final': {'corner': 0.7682, 'mob': 0.0111, 'stable': 0.8093, 'parity': 0.7068, 'pos': 0.5104}}",minimax,minimax,35,64,60
"{'apertura': {'corner': 0.9224, 'mob': 0.3032, 'stable': 0.9994, 'parity': 0.3818, 'pos': 0.4609}, 'medio': {'corner': 0.639, 'mob': 0.6647, 'stable': 0.7595, 'parity': 0.042, 'pos': 0.2939}, 'final': {'corner': 0.5038, 'mob': 0.4005, 'stable': 0.3857, 'parity': 0.2146, 'pos': 0.2453}}",minimax,minimax,40,64,60
"{'apertura': {'corner': 0.558, 'mob': 0.4343, 'stable': 0.7931, 'parity': 0.6757, 'pos': 0.2582}, 'medio': {'corner': 0.1808, 'mob': 0.6402, 'stable': 0.405, 'parity': 0.1822, 'pos': 0.0576}, 'final': {'corner': 0.1217, 'mob': 0.1958, 'stable': 0.4342, 'parity': 0.2143, 'pos': 0.2509}}",minimax,minimax,48,64,60
"{'apertura': {'corner': 0.2415, 'mob': 0.2232, 'stable': 0.9888, 'parity': 0.5301, 'pos': 0.3833}, 'medio': {'corner': 0.2029, 'mob': 0.5431, 'stable': 0.7601, 'parity': 0.6487, 'pos': 0.7425}, 'final': {'corner': 0.1831, 'mob': 0.7955, 'stable': 0.6468, 'parity': 0.8018, 'pos': 0.8007}}",minimax,"{'apertura': {'corner': 0.2415, 'mob': 0.2232, 'stable': 0.9888, 'parity': 0.5301, 'pos': 0.3833}, 'medio': {'corner': 0.2029, 'mob': 0.5431, 'stable': 0.7601, 'parity': 0.6487, 'pos': 0.7425}, 'final': {'corner': 0.1831, 'mob': 0.7955, 'stable': 0.6468, 'parity': 0.8018, 'pos': 0.8007}}",43,64,62
"{'apertura': {'corner': 0.7887, 'mob': 0.7819, 'stable': 0.4674, 'parity': 0.3962, 'pos': 0.937}, 'medio': {'corner': 0.0314, 'mob': 0.5697, 'stable': 0.0207, 'parity': 0.3042, 'pos': 0.9978}, 'final': {'corner': 0.3456, 'mob': 0.855, 'stable': 0.6667, 'parity': 0.8899, 'pos': 0.9222}}",minimax,"{'apertura': {'corner': 0.7887, 'mob': 0.7819, 'stable': 0.4674, 'parity': 0.3962, 'pos': 0.937}, 'medio': {'corner': 0.0314, 'mob': 0.5697, 'stable': 0.0207, 'parity': 0.3042, 'pos': 0.9978}, 'final': {'corner': 0.3456, 'mob': 0.855, 'stable': 0.6667, 'parity': 0.8899, 'pos': 0.9222}}",47,64,60
"{'apertura': {'corner': 0.0816, 'mob': 0.0637, 'stable': 0.9981, 'parity': 0.7147, 'pos': 0.7084}, 'medio': {'corner': 0.3346, 'mob': 0.0445, 'stable': 0.3119, 'parity': 0.9438, 'pos': 0.8513}, 'final': {'corner': 0.0783, 'mob': 0.5402, 'stable': 0.7783, 'parity': 0.7402, 'pos': 0.1742}}",minimax,"{'apertura': {'corner': 0.0816, 'mob': 0.0637, 'stable': 0.9981, 'parity': 0.7147, 'pos': 0.7084}, 'medio': {'corner': 0.3346, 'mob': 0.0445, 'stable': 0.3119, 'parity': 0.9438, 'pos': 0.8513}, 'final': {'corner': 0.0783, 'mob': 0.5402, 'stable': 0.7783, 'parity': 0.7402, 'pos': 0.1742}}",45,64,60
"{'apertura': {'corner': 0.2547, 'mob': 0.1365, 'stable': 0.2016, 'parity': 0.947, 'pos': 0.7514}, 'medio': {'corner': 0.854, 'mob': 0.6418, 'stable': 0.6556, 'parity': 0.9931, 'pos': 0.4318}, 'final': {'corner': 0.8245, 'mob': 0.105, 'stable': 0.9639, 'parity': 0.9272, 'pos': 0.0077}}",minimax,"{'apertura': {'corner': 0.2547, 'mob': 0.1365, 'stable': 0.2016, 'parity': 0.947, 'pos': 0.7514}, 'medio': {'corner': 0.854, 'mob': 0.6418, 'stable': 0.6556, 'parity': 0.9931, 'pos': 0.4318}, 'final': {'corner': 0.8245, 'mob': 0.105, 'stable': 0.9639, 'parity': 0.9272, 'pos': 0.0077}}",45,64,60
"{'apertura': {'corner': 0.411, 'mob': 0.8625, 'stable': 0.8312, 'parity': 0.4269, 'pos': 0.4101}, 'medio': {'corner': 0.3682, 'mob': 0.452, 'stable': 0.2668, 'parity': 0.358, 'pos': 0.2197}, 'final': {'corner': 0.1163, 'mob': 0.4188, 'stable': 0.5517, 'parity': 0.9807, 'pos': 0.2853}}",minimax,minimax,38,64,60
"{'apertura': {'corner': 0.1876, 'mob': 0.0796, 'stable': 0.754, 'parity': 0.9399, 'pos': 0.3343}, 'medio': {'corner': 0.7314, 'mob': 0.8478, 'stable': 0.4816, 'parity': 0.7979, 'pos': 0.719}, 'final': {'corner': 0.4469, 'mob': 0.4444, 'stable': 0.2736, 'parity': 0.4965, 'pos': 0.0084}}",minimax,minimax,37,64,63
"{'apertura': {'corner': 0.2828, 'mob': 0.2576, 'stable': 0.3303, 'parity': 0.7605, 'pos': 0.1149}, 'medio': {'corner': 0.827, 'mob': 0.7164, 'stable': 0.1422, 'parity': 0.7164, 'pos': 0.054}, 'final': {'corner': 0.3427, 'mob': 0.5804, 'stable': 0.4853, 'parity': 0.4909, 'pos': 0.4055}}",minimax,minimax,50,64,60
"{'apertura': {'corner': 0.9201, 'mob': 0.4212, 'stable': 0.8909, 'parity': 0.0748, 'pos': 0.7016}, 'medio': {'corner': 0.7925, 'mob': 0.3844, 'stable': 0.2203, 'parity': 0.8392, 'pos': 0.0818}, 'final': {'corner': 0.968, 'mob': 0.211, 'stable': 0.625, 'parity': 0.733, 'pos': 0.6454}}",minimax,"{'apertura': {'corner': 0.9201, 'mob': 0.4212, 'stable': 0.8909, 'parity': 0.0748, 'pos': 0.7016}, 'medio': {'corner': 0.7925, 'mob': 0.3844, 'stable': 0.2203, 'parity': 0.8392, 'pos': 0.0818}, 'final': {'corner': 0.968, 'mob': 0.211, 'stable': 0.625, 'parity': 0.733, 'pos': 0.6454}}",35,64,60
"{'apertura': {'corner': 0.5643, 'mob': 0.8981, 'stable': 0.2607, 'parity': 0.463, 'pos': 0.6098}, 'medio': {'corner': 0.7928, 'mob': 0.0446, 'stable': 0.9117, 'parity': 0.3376, 'pos': 0.2523}, 'final': {'corner': 0.9927, 'mob': 0.7212, 'stable': 0.1895, 'parity': 0.6507, 'pos': 0.9267}}",minimax,minimax,47,64,60
"{'apertura': {'corner': 0.4777, 'mob': 0.4223, 'stable': 0.7605, 'parity': 0.1012, 'pos': 0.9712}, 'medio': {'corner': 0.9442, 'mob': 0.3421, 'stable': 0.7304, 'parity': 0.3253, 'pos': 0.7957}, 'final': {'corner': 0.0276, 'mob': 0.5485, 'stable': 0.3063, 'parity': 0.1678, 'pos': 0.9407}}",minimax,"{'apertura': {'corner': 0.4777, 'mob': 0.4223, 'stable': 0.7605, 'parity': 0.1012, 'pos': 0.9712}, 'medio': {'corner': 0.9442, 'mob': 0.3421, 'stable': 0.7304, 'parity': 0.3253, 'pos': 0.7957}, 'final': {'corner': 0.0276, 'mob': 0.5485, 'stable': 0.3063, 'parity': 0.1678, 'pos': 0.9407}}",44,64,60
"{'apertura': {'corner': 0.0816, 'mob': 0.0637, 'stable': 0.9981, 'parity': 0.7147, 'pos': 0.7084}, 'medio': {'corner': 0.3346, 'mob': 0.0445, 'stable': 0.3119, 'parity': 0.9438, 'pos': 0.8513}, 'final': {'corner': 0.0783, 'mob': 0.5402, 'stable': 0.7783, 'parity': 0.7402, 'pos': 0.1742}}",minimax,minimax,50,56,61
"{'apertura': {'corner': 0.6765, 'mob': 0.84, 'stable': 0.364, 'parity': 0.4296, 'pos': 0.7734}, 'medio': {'corner': 0.4121, 'mob': 0.3071, 'stable': 0.4662, 'parity': 0.3209, 'pos': 0.625}, 'final': {'corner': 0.6692, 'mob': 0.7881, 'stable': 0.4281, 'parity': 0.7703, 'pos': 0.9244}}",minimax,minimax,43,56,60
"{'apertura': {'corner': 0.2415, 'mob': 0.2232, 'stable': 0.9888, 'parity': 0.5301, 'pos': 0.3833}, 'medio': {'corner': 0.2029, 'mob': 0.5431, 'stable': 0.7601, 'parity': 0.6487, 'pos': 0.7425}, 'final': {'corner': 0.1831, 'mob': 0.7955, 'stable': 0.6468, 'parity': 0.8018, 'pos': 0.8007}}",minimax,minimax,49,60,62
"{'apertura': {'corner': 0.2547, 'mob': 0.1365, 'stable': 0.2016, 'parity': 0.947, 'pos': 0.7514}, 'medio': {'corner': 0.854, 'mob': 0.6418, 'stable': 0.6556, 'parity': 0.9931, 'pos': 0.4318}, 'final': {'corner': 0.8245, 'mob': 0.105, 'stable': 0.9639, 'parity': 0.9272, 'pos': 0.0077}}",minimax,minimax,41,61,63
"{'apertura': {'corner': 0.1822, 'mob': 0.07344151568047706, 'stable': 0.6642, 'parity': 0.7376, 'pos': 0.4117}, 'medio': {'corner': 0.5808, 'mob': 0.3805, 'stable': 0.2271, 'parity': 0.8301, 'pos': 0.4526}, 'final': {'corner': 0.2105, 'mob': 0.5603, 'stable': 0.6318, 'parity': 0.6156, 'pos': 0.2898}}",minimax,minimax,39,61,60
"{'apertura': {'corner': 0.9201, 'mob': 0.4212, 'stable': 0.8909, 'parity': 0.0748, 'pos': 0.7016}, 'medio': {'corner': 0.7925, 'mob': 0.3844, 'stable': 0.2203, 'parity': 0.8392, 'pos': 0.0818}, 'final': {'corner': 0.968, 'mob': 0.211, 'stable': 0.625, 'parity': 0.733, 'pos': 0.6454}}",minimax,minimax,38,64,63
"{'apertura': {'corner': 0.1673, 'mob': 0.5739, 'stable': 0.0468, 'parity': 0.4004, 'pos': 0.8032}, 'medio': {'corner': 0.4896, 'mob': 0.4049, 'stable': 0.9376, 'parity': 0.0546, 'pos': 0.6751}, 'final': {'corner': 0.0058, 'mob': 0.7738, 'stable': 0.0367, 'parity': 0.3285, 'pos': 0.4191}}",minimax,minimax,41,63,60
"{'apertura': {'corner': 0.6655, 'mob': 0.6419, 'stable': 0.8611, 'parity': 0.2509, 'pos': 0.5558}, 'medio': {'corner': 0.5804, 'mob': 0.4182, 'stable': 0.2435, 'parity': 0.5986, 'pos': 0.1507}, 'final': {'corner': 0.5422, 'mob': 0.3149, 'stable': 0.5883, 'parity': 0.8569, 'pos': 0.4653}}",minimax,"{'apertura': {'corner': 0.6655, 'mob': 0.6419, 'stable': 0.8611, 'parity': 0.2509, 'pos': 0.5558}, 'medio': {'corner': 0.5804, 'mob': 0.4182, 'stable': 0.2435, 'parity': 0.5986, 'pos': 0.1507}, 'final': {'corner': 0.5422, 'mob': 0.3149, 'stable': 0.5883, 'parity': 0.8569, 'pos': 0.4653}}",37,62,61
"{'apertura': {'corner': 0.3262, 'mob': 0.5429, 'stable': 0.91, 'parity': 0.4785, 'pos': 0.3967}, 'medio': {'corner': 0.2856, 'mob': 0.4976, 'stable': 0.5134, 'parity': 0.5033, 'pos': 0.4811}, 'final': {'corner': 0.1497, 'mob': 0.6071, 'stable': 0.5993, 'parity': 0.8912, 'pos': 0.543}}",minimax,minimax,35,64,60
"{'apertura': {'corner': 0.4777, 'mob': 0.4223, 'stable': 0.7605, 'parity': 0.1012, 'pos': 0.9712}, 'medio': {'corner': 0.9442, 'mob': 0.3421, 'stable': 0.7304, 'parity': 0.3253, 'pos': 0.7957}, 'final': {'corner': 0.0276, 'mob': 0.5485, 'stable': 0.3063, 'parity': 0.1678, 'pos': 0.9407}}",minimax,"{'apertura': {'corner': 0.4777, 'mob': 0.4223, 'stable': 0.7605, 'parity': 0.1012, 'pos': 0.9712}, 'medio': {'corner': 0.9442, 'mob': 0.3421, 'stable': 0.7304, 'parity': 0.3253, 'pos': 0.7957}, 'final': {'corner': 0.0276, 'mob': 0.5485, 'stable': 0.3063, 'parity': 0.1678, 'pos': 0.9407}}",33,63,59
"{'apertura': {'corner': 0.3328, 'mob': 0.4995, 'stable': 0.5164, 'parity': 0.6869, 'pos': 0.5807}, 'medio': {'corner': 0.6111, 'mob': 0.5469, 'stable': 0.4612, 'parity': 0.6755, 'pos': 0.3257}, 'final': {'corner': 0.4704, 'mob': 0.2619, 'stable': 0.7578, 'parity': 0.954, 'pos': 0.1465}}",minimax,"{'apertura': {'corner': 0.3328, 'mob': 0.4995, 'stable': 0.5164, 'parity': 0.6869, 'pos': 0.5807}, 'medio': {'corner': 0.6111, 'mob': 0.5469, 'stable': 0.4612, 'parity': 0.6755, 'pos': 0.3257}, 'final': {'corner': 0.4704, 'mob': 0.2619, 'stable': 0.7578, 'parity': 0.954, 'pos': 0.1465}}",35,63,62
"{'apertura': {'corner': 0.5718, 'mob': 0.6722, 'stable': 0.524, 'parity': 0.868, 'pos': 0.3184}, 'medio': {'corner': 0.488, 'mob': 0.7334, 'stable': 0.9084, 'parity': 0.4039, 'pos': 0.5093}, 'final': {'corner': 0.7041, 'mob': 0.1319, 'stable': 0.926, 'parity': 0.4454, 'pos': 0.3273}}",minimax,minimax,38,64,63
"{'apertura': {'corner': 0.7887, 'mob': 0.7819, 'stable': 0.4674, 'parity': 0.3962, 'pos': 0.937}, 'medio': {'corner': 0.0314, 'mob': 0.5697, 'stable': 0.0207, 'parity': 0.3042, 'pos': 0.9978}, 'final': {'corner': 0.3456, 'mob': 0.855, 'stable': 0.6667, 'parity': 0.8899, 'pos': 0.9222}}",minimax,minimax,55,64,60
"{'apertura': {'corner': 0.6803, 'mob': 0.727, 'stable': 0.4957, 'parity': 0.6321, 'pos': 0.6277}, 'medio': {'corner': 0.2597, 'mob': 0.6516, 'stable': 0.4646, 'parity': 0.354, 'pos': 0.7535}, 'final': {'corner': 0.5249, 'mob': 0.4934, 'stable': 0.7964, 'parity': 0.6677, 'pos': 0.6248}}",minimax,"{'apertura': {'corner': 0.6803, 'mob': 0.727, 'stable': 0.4957, 'parity': 0.6321, 'pos': 0.6277}, 'medio': {'corner': 0.2597, 'mob': 0.6516, 'stable': 0.4646, 'parity': 0.354, 'pos': 0.7535}, 'final': {'corner': 0.5249, 'mob': 0.4934, 'stable': 0.7964, 'parity': 0.6677, 'pos': 0.6248}}",42,64,60
"{'apertura': {'corner': 0.5989, 'mob': 0.7565, 'stable': 0.4328, 'parity': 0.2487, 'pos': 0.3684}, 'medio': {'corner': 0.3217, 'mob': 0.3878, 'stable': 0.2342, 'parity': 0.5403, 'pos': 0.2235}, 'final': {'corner': 0.4291, 'mob': 0.3835, 'stable': 0.5632, 'parity': 0.8662, 'pos': 0.4245}}",minimax,"{'apertura': {'corner': 0.5989, 'mob': 0.7565, 'stable': 0.4328, 'parity': 0.2487, 'pos': 0.3684}, 'medio': {'corner': 0.3217, 'mob': 0.3878, 'stable': 0.2342, 'parity': 0.5403, 'pos': 0.2235}, 'final': {'corner': 0.4291, 'mob': 0.3835, 'stable': 0.5632, 'parity': 0.8662, 'pos': 0.4245}}",40,64,61
"{'apertura': {'corner': 0.3728, 'mob': 0.257, 'stable': 0.7735, 'parity': 0.8078, 'pos': 0.2963}, 'medio': {'corner': 0.4561, 'mob': 0.6342206222522158, 'stable': 0.4433, 'parity': 0.4901, 'pos': 0.3883}, 'final': {'corner': 0.2843, 'mob': 0.3201, 'stable': 0.3539, 'parity': 0.3554, 'pos': 0.1297}}",minimax,minimax,44,64,60
"{'apertura': {'corner': 0.9201, 'mob': 0.4212, 'stable': 0.8909, 'parity': 0.0748, 'pos': 0.7016}, 'medio': {'corner': 0.7925, 'mob': 0.3844, 'stable': 0.2203, 'parity': 0.8392, 'pos': 0.0818}, 'final': {'corner': 0.968, 'mob': 0.211, 'stable': 0.625, 'parity': 0.733, 'pos': 0.6454}}",minimax,minimax,45,45,44
"{'apertura': {'corner': 0.377, 'mob': 0.25277230030480874, 'stable': 0.5941, 'parity': 0.8028, 'pos': 0.365}, 'medio': {'corner': 0.5344, 'mob': 0.557, 'stable': 0.5677, 'parity': 0.617, 'pos': 0.4809}, 'final': {'corner': 0.4573, 'mob': 0.3461, 'stable': 0.7789, 'parity': 0.5305, 'pos': 0.3085}}",minimax,minimax,48,60,61
"{'apertura': {'corner': 0.5989, 'mob': 0.7565, 'stable': 0.4328, 'parity': 0.2487, 'pos': 0.3684}, 'medio': {'corner': 0.3217, 'mob': 0.3878, 'stable': 0.2342, 'parity': 0.5403, 'pos': 0.2235}, 'final': {'corner': 0.4291, 'mob': 0.3835, 'stable': 0.5632, 'parity': 0.8662, 'pos': 0.4245}}",minimax,minimax,49,63,60
"{'apertura': {'corner': 0.6655, 'mob': 0.6419, 'stable': 0.8611, 'parity': 0.2509, 'pos': 0.5558}, 'medio': {'corner': 0.5804, 'mob': 0.4182, 'stable': 0.2435, 'parity': 0.5986, 'pos': 0.1507}, 'final': {'corner': 0.5422, 'mob': 0.3149, 'stable': 0.5883, 'parity': 0.8569, 'pos': 0.4653}}",minimax,minimax,47,64,60
"{'apertura': {'corner': 0.4854, 'mob': 0.4277, 'stable': 0.5658, 'parity': 0.5669, 'pos': 0.6744}, 'medio': {'corner': 0.3061, 'mob': 0.4751, 'stable': 0.1239, 'parity': 0.5672, 'pos': 0.7252}, 'final': {'corner': 0.2781, 'mob': 0.7077, 'stable': 0.6492, 'parity': 0.7528, 'pos': 0.606}}",minimax,minimax,40,61,63
"{'apertura': {'corner': 0.4777, 'mob': 0.4223, 'stable': 0.7605, 'parity': 0.1012, 'pos': 0.9712}, 'medio': {'corner': 0.9442, 'mob': 0.3421, 'stable': 0.7304, 'parity': 0.3253, 'pos': 0.7957}, 'final': {'corner': 0.0276, 'mob': 0.5485, 'stable': 0.3063, 'parity': 0.1678, 'pos': 0.9407}}",minimax,minimax,40,64,60
"{'apertura': {'corner': 0.3328, 'mob': 0.4995, 'stable': 0.5164, 'parity': 0.6869, 'pos': 0.5807}, 'medio': {'corner': 0.6111, 'mob': 0.5469, 'stable': 0.4612, 'parity': 0.6755, 'pos': 0.3257}, 'final': {'corner': 0.4704, 'mob': 0.2619, 'stable': 0.7578, 'parity': 0.954, 'pos': 0.1465}}",minimax,minimax,37,64,63
"{'apertura': {'corner': 0.6241, 'mob': 0.7561, 'stable': 0.444, 'parity': 0.6488, 'pos': 0.5459}, 'medio': {'corner': 0.4501, 'mob': 0.5202, 'stable': 0.6873, 'parity': 0.3624, 'pos': 0.5672}, 'final': {'corner': 0.6866, 'mob': 0.46, 'stable': 0.6771, 'parity': 0.6079, 'pos': 0.6259}}",minimax,minimax,44,63,59
"{'apertura': {'corner': 0.4164, 'mob': 0.6079, 'stable': 0.4539, 'parity': 0.3256, 'pos': 0.6795}, 'medio': {'corner': 0.535, 'mob': 0.4115, 'stable': 0.5906, 'parity': 0.3266, 'pos': 0.4129}, 'final': {'corner': 0.274, 'mob': 0.5444, 'stable': 0.3125, 'parity': 0.5927, 'pos': 0.4422}}",minimax,"{'apertura': {'corner': 0.4164, 'mob': 0.6079, 'stable': 0.4539, 'parity': 0.3256, 'pos': 0.6795}, 'medio': {'corner': 0.535, 'mob': 0.4115, 'stable': 0.5906, 'parity': 0.3266, 'pos': 0.4129}, 'final': {'corner': 0.274, 'mob': 0.5444, 'stable': 0.3125, 'parity': 0.5927, 'pos': 0.4422}}",46,63,59
"{'apertura': {'corner': 0.7928, 'mob': 0.3749740709263037, 'stable': 0.876, 'parity': 0.1628, 'pos': 0.6287}, 'medio': {'corner': 0.6865, 'mob': 0.4013, 'stable': 0.2319, 'parity': 0.7189, 'pos': 0.1162}, 'final': {'corner': 0.7551, 'mob': 0.263, 'stable': 0.6067, 'parity': 0.795, 'pos': 0.5554}}",minimax,"{'apertura': {'corner': 0.7928, 'mob': 0.3749740709263037, 'stable': 0.876, 'parity': 0.1628, 'pos': 0.6287}, 'medio': {'corner': 0.6865, 'mob': 0.4013, 'stable': 0.2319, 'parity': 0.7189, 'pos': 0.1162}, 'final': {'corner': 0.7551, 'mob': 0.263, 'stable': 0.6067, 'parity': 0.795, 'pos': 0.5554}}",51,64,60
"{'apertura': {'corner': 0.5718, 'mob': 0.6722, 'stable': 0.524, 'parity': 0.868, 'pos': 0.3184}, 'medio': {'corner': 0.488, 'mob': 0.7334, 'stable': 0.9084, 'parity': 0.4039, 'pos': 0.5093}, 'final': {'corner': 0.7041, 'mob': 0.1319, 'stable': 0.926, 'parity': 0.4454, 'pos': 0.3273}}",minimax,"{'apertura': {'corner': 0.5718, 'mob': 0.6722, 'stable': 0.524, 'parity': 0.868, 'pos': 0.3184}, 'medio': {'corner': 0.488, 'mob': 0.7334, 'stable': 0.9084, 'parity': 0.4039, 'pos': 0.5093}, 'final': {'corner': 0.7041, 'mob': 0.1319, 'stable': 0.926, 'parity': 0.4454, 'pos': 0.3273}}",51,63,60
"{'apertura': {'corner': 0.3262, 'mob': 0.5429, 'stable': 0.91, 'parity': 0.4785, 'pos': 0.3967}, 'medio': {'corner': 0.2856, 'mob': 0.4976, 'stable': 0.5134, 'parity': 0.5033, 'pos': 0.4811}, 'final': {'corner': 0.1497, 'mob': 0.6071, 'stable': 0.5993, 'parity': 0.8912, 'pos': 0.543}}",minimax,minimax,41,64,62
"{'apertura': {'corner': 0.6803, 'mob': 0.727, 'stable': 0.4957, 'parity': 0.6321, 'pos': 0.6277}, 'medio': {'corner': 0.2597, 'mob': 0.6516, 'stable': 0.4646, 'parity': 0.354, 'pos': 0.7535}, 'final': {'corner': 0.5249, 'mob': 0.4934, 'stable': 0.7964, 'parity': 0.6677, 'pos': 0.6248}}",minimax,"{'apertura': {'corner': 0.6803, 'mob': 0.727, 'stable': 0.4957, 'parity': 0.6321, 'pos': 0.6277}, 'medio': {'corner': 0.2597, 'mob': 0.6516, 'stable': 0.4646, 'parity': 0.354, 'pos': 0.7535}, 'final': {'corner': 0.5249, 'mob': 0.4934, 'stable': 0.7964, 'parity': 0.6677, 'pos': 0.6248}}",38,64,60
"{'apertura': {'corner': 0.7080516406470221, 'mob': 0.7545, 'stable': 0.4815, 'parity': 0.5141, 'pos': 0.7824}, 'medio': {'corner': 0.1455, 'mob': 0.6106, 'stable': 0.2427, 'parity': 0.3291, 'pos': 0.8757}, 'final': {'corner': 0.4353, 'mob': 0.6742, 'stable': 0.7315, 'parity': 0.7788, 'pos': 0.7735}}",minimax,"{'apertura': {'corner': 0.7080516406470221, 'mob': 0.7545, 'stable': 0.4815, 'parity': 0.5141, 'pos': 0.7824}, 'medio': {'corner': 0.1455, 'mob': 0.6106, 'stable': 0.2427, 'parity': 0.3291, 'pos': 0.8757}, 'final': {'corner': 0.4353, 'mob': 0.6742, 'stable': 0.7315, 'parity': 0.7788, 'pos': 0.7735}}",34,64,60
"{'apertura': {'corner': 0.6803, 'mob': 0.727, 'stable': 0.4957, 'parity': 0.6321, 'pos': 0.6277}, 'medio': {'corner': 0.2597, 'mob': 0.6516, 'stable': 0.4646, 'parity': 0.354, 'pos': 0.7535}, 'final': {'corner': 0.5249, 'mob': 0.4934, 'stable': 0.7964, 'parity': 0.6677, 'pos': 0.6248}}",minimax,"{'apertura': {'corner': 0.6803, 'mob': 0.727, 'stable': 0.4957, 'parity': 0.6321, 'pos': 0.6277}, 'medio': {'corner': 0.2597, 'mob': 0.6516, 'stable': 0.4646, 'parity': 0.354, 'pos': 0.7535}, 'final': {'corner': 0.5249, 'mob': 0.4934, 'stable': 0.7964, 'parity': 0.6677, 'pos': 0.6248}}",38,64,62
"{'apertura': {'corner': 0.5066, 'mob': 0.6132, 'stable': 0.506, 'parity': 0.6595, 'pos': 0.6042}, 'medio': {'corner': 0.4354, 'mob': 0.5993, 'stable': 0.4629, 'parity': 0.5148, 'pos': 0.5396}, 'final': {'corner': 0.4977, 'mob': 0.3777, 'stable': 0.7771, 'parity': 0.8108, 'pos': 0.3856}}",minimax,minimax,47,64,60
"{'apertura': {'corner': 0.6073, 'mob': 0.6838, 'stable': 0.4938, 'parity': 0.5868, 'pos': 0.6933}, 'medio': {'corner': 0.2904, 'mob': 0.605, 'stable': 0.3528, 'parity': 0.422, 'pos': 0.7077}, 'final': {'corner': 0.4665, 'mob': 0.526, 'stable': 0.7543, 'parity': 0.7948, 'pos': 0.5796}}",minimax,minimax,43,59,61
"{'apertura': {'corner': 0.7928, 'mob': 0.3749740709263037, 'stable': 0.876, 'parity': 0.1628, 'pos': 0.6287}, 'medio': {'corner': 0.6865, 'mob': 0.4013, 'stable': 0.2319, 'parity': 0.7189, 'pos': 0.1162}, 'final': {'corner': 0.7551, 'mob': 0.263, 'stable': 0.6067, 'parity': 0.795, 'pos': 0.5554}}",minimax,"{'apertura': {'corner': 0.7928, 'mob': 0.3749740709263037, 'stable': 0.876, 'parity': 0.1628, 'pos': 0.6287}, 'medio': {'corner': 0.6865, 'mob': 0.4013, 'stable': 0.2319, 'parity': 0.7189, 'pos': 0.1162}, 'final': {'corner': 0.7551, 'mob': 0.263, 'stable': 0.6067, 'parity': 0.795, 'pos': 0.5554}}",46,60,59
"{'apertura': {'corner': 0.5066, 'mob': 0.6132, 'stable': 0.506, 'parity': 0.6595, 'pos': 0.6042}, 'medio': {'corner': 0.4354, 'mob': 0.5993, 'stable': 0.4629, 'parity': 0.5148, 'pos': 0.5396}, 'final': {'corner': 0.4977, 'mob': 0.3777, 'stable': 0.7771, 'parity': 0.8108, 'pos': 0.3856}}",minimax,"{'apertura': {'corner': 0.5066, 'mob': 0.6132, 'stable': 0.506, 'parity': 0.6595, 'pos': 0.6042}, 'medio': {'corner': 0.4354, 'mob': 0.5993, 'stable': 0.4629, 'parity': 0.5148, 'pos': 0.5396}, 'final': {'corner': 0.4977, 'mob': 0.3777, 'stable': 0.7771, 'parity': 0.8108, 'pos': 0.3856}}",43,61,59
"{'apertura': {'corner': 0.7080516406470221, 'mob': 0.7545, 'stable': 0.4815, 'parity': 0.5141, 'pos': 0.7824}, 'medio': {'corner': 0.1455, 'mob': 0.6106, 'stable': 0.2427, 'parity': 0.3291, 'pos': 0.8757}, 'final': {'corner': 0.4353, 'mob': 0.6742, 'stable': 0.7315, 'parity': 0.7788, 'pos': 0.7735}}",minimax,minimax,43,63,59
"{'apertura': {'corner': 0.4164, 'mob': 0.6079, 'stable': 0.4539, 'parity': 0.3256, 'pos': 0.6795}, 'medio': {'corner': 0.535, 'mob': 0.4115, 'stable': 0.5906, 'parity': 0.3266, 'pos': 0.4129}, 'final': {'corner': 0.274, 'mob': 0.5444, 'stable': 0.3125, 'parity': 0.5927, 'pos': 0.4422}}",minimax,"{'apertura': {'corner': 0.4164, 'mob': 0.6079, 'stable': 0.4539, 'parity': 0.3256, 'pos': 0.6795}, 'medio': {'corner': 0.535, 'mob': 0.4115, 'stable': 0.5906, 'parity': 0.3266, 'pos': 0.4129}, 'final': {'corner': 0.274, 'mob': 0.5444, 'stable': 0.3125, 'parity': 0.5927, 'pos': 0.4422}}",32,63,59
"{'apertura': {'corner': 0.6231, 'mob': 0.4821, 'stable': 0.9004, 'parity': 0.2767, 'pos': 0.5492}, 'medio': {'corner': 0.5391, 'mob': 0.441, 'stable': 0.3669, 'parity': 0.6712, 'pos': 0.2815}, 'final': {'corner': 0.5588, 'mob': 0.409, 'stable': 0.6121, 'parity': 0.8121, 'pos': 0.5942}}",minimax,"{'apertura': {'corner': 0.6231, 'mob': 0.4821, 'stable': 0.9004, 'parity': 0.2767, 'pos': 0.5492}, 'medio': {'corner': 0.5391, 'mob': 0.441, 'stable': 0.3669, 'parity': 0.6712, 'pos': 0.2815}, 'final': {'corner': 0.5588, 'mob': 0.409, 'stable': 0.6121, 'parity': 0.8121, 'pos': 0.5942}}",41,62,59
"{'apertura': {'corner': 0.6399, 'mob': 0.6091052008171164, 'stable': 0.5028, 'parity': 0.691, 'pos': 0.5504}, 'medio': {'corner': 0.3167, 'mob': 0.672, 'stable': 0.5756, 'parity': 0.3665, 'pos': 0.6925}, 'final': {'corner': 0.5697, 'mob': 0.4031, 'stable': 0.8288, 'parity': 0.6121, 'pos': 0.5504}}",minimax,minimax,37,63,69
"{'apertura': {'corner': 0.6803, 'mob': 0.727, 'stable': 0.4957, 'parity': 0.6321, 'pos': 0.6277}, 'medio': {'corner': 0.2597, 'mob': 0.6516, 'stable': 0.4646, 'parity': 0.354, 'pos': 0.7535}, 'final': {'corner': 0.5249, 'mob': 0.4934, 'stable': 0.7964, 'parity': 0.6677, 'pos': 0.6248}}",minimax,minimax,49,64,60
"{'apertura': {'corner': 0.6352, 'mob': 0.3986, 'stable': 0.8182, 'parity': 0.132, 'pos': 0.7999}, 'medio': {'corner': 0.8154, 'mob': 0.3717, 'stable': 0.4812, 'parity': 0.5221, 'pos': 0.4559}, 'final': {'corner': 0.3913, 'mob': 0.4057, 'stable': 0.4565, 'parity': 0.4814, 'pos': 0.748}}",minimax,"{'apertura': {'corner': 0.6352, 'mob': 0.3986, 'stable': 0.8182, 'parity': 0.132, 'pos': 0.7999}, 'medio': {'corner': 0.8154, 'mob': 0.3717, 'stable': 0.4812, 'parity': 0.5221, 'pos': 0.4559}, 'final': {'corner': 0.3913, 'mob': 0.4057, 'stable': 0.4565, 'parity': 0.4814, 'pos': 0.748}}",41,64,61
"{'apertura': {'corner': 0.6655, 'mob': 0.6419, 'stable': 0.8611, 'parity': 0.2509, 'pos': 0.5558}, 'medio': {'corner': 0.5804, 'mob': 0.4182, 'stable': 0.2435, 'parity': 0.5986, 'pos': 0.1507}, 'final': {'corner': 0.5422, 'mob': 0.3149, 'stable': 0.5883, 'parity': 0.8569, 'pos': 0.4653}}",minimax,"{'apertura': {'corner': 0.6655, 'mob': 0.6419, 'stable': 0.8611, 'parity': 0.2509, 'pos': 0.5558}, 'medio': {'corner': 0.5804, 'mob': 0.4182, 'stable': 0.2435, 'parity': 0.5986, 'pos': 0.1507}, 'final': {'corner': 0.5422, 'mob': 0.3149, 'stable': 0.5883, 'parity': 0.8569, 'pos': 0.4653}}",35,63,63
"{'apertura': {'corner': 0.4777, 'mob': 0.4223, 'stable': 0.7605, 'parity': 0.1012, 'pos': 0.9712}, 'medio': {'corner': 0.9442, 'mob': 0.3421, 'stable': 0.7304, 'parity': 0.3253, 'pos': 0.7957}, 'final': {'corner': 0.0276, 'mob': 0.5485, 'stable': 0.3063, 'parity': 0.1678, 'pos': 0.9407}}",minimax,"{'apertura': {'corner': 0.4777, 'mob': 0.4223, 'stable': 0.7605, 'parity': 0.1012, 'pos': 0.9712}, 'medio': {'corner': 0.9442, 'mob': 0.3421, 'stable': 0.7304, 'parity': 0.3253, 'pos': 0.7957}, 'final': {'corner': 0.0276, 'mob': 0.5485, 'stable': 0.3063, 'parity': 0.1678, 'pos': 0.9407}}",48,63,59
"{'apertura': {'corner': 0.5066, 'mob': 0.6132, 'stable': 0.506, 'parity': 0.6595, 'pos': 0.6042}, 'medio': {'corner': 0.4354, 'mob': 0.5993, 'stable': 0.4629, 'parity': 0.5148, 'pos': 0.5396}, 'final': {'corner': 0.4977, 'mob': 0.3777, 'stable': 0.7771, 'parity': 0.8108, 'pos': 0.3856}}",minimax,"{'apertura': {'corner': 0.5066, 'mob': 0.6132, 'stable': 0.506, 'parity': 0.6595, 'pos': 0.6042}, 'medio': {'corner': 0.4354, 'mob': 0.5993, 'stable': 0.4629, 'parity': 0.5148, 'pos': 0.5396}, 'final': {'corner': 0.4977, 'mob': 0.3777, 'stable': 0.7771, 'parity': 0.8108, 'pos': 0.3856}}",40,64,61
"{'apertura': {'corner': 0.5929, 'mob': 0.5884, 'stable': 0.621, 'parity': 0.3076, 'pos': 0.8768}, 'medio': {'corner': 0.5449, 'mob': 0.4764, 'stable': 0.4866, 'parity': 0.3272, 'pos': 0.8357}, 'final': {'corner': 0.2315, 'mob': 0.6114, 'stable': 0.5189, 'parity': 0.4733, 'pos': 0.8571}}",minimax,minimax,43,64,60
"{'apertura': {'corner': 0.6803, 'mob': 0.727, 'stable': 0.4957, 'parity': 0.6321, 'pos': 0.6277}, 'medio': {'corner': 0.2597, 'mob': 0.6516, 'stable': 0.4646, 'parity': 0.354, 'pos': 0.7535}, 'final': {'corner': 0.5249, 'mob': 0.4934, 'stable': 0.7964, 'parity': 0.6677, 'pos': 0.6248}}",minimax,"{'apertura': {'corner': 0.6803, 'mob': 0.727, 'stable': 0.4957, 'parity': 0.6321, 'pos': 0.6277}, 'medio': {'corner': 0.2597, 'mob': 0.6516, 'stable': 0.4646, 'parity': 0.354, 'pos': 0.7535}, 'final': {'corner': 0.5249, 'mob': 0.4934, 'stable': 0.7964, 'parity': 0.6677, 'pos': 0.6248}}",40,64,60
"{'apertura': {'corner': 0.5718, 'mob': 0.6722, 'stable': 0.524, 'parity': 0.868, 'pos': 0.3184}, 'medio': {'corner': 0.488, 'mob': 0.7334, 'stable': 0.9084, 'parity': 0.4039, 'pos': 0.5093}, 'final': {'corner': 0.7041, 'mob': 0.1319, 'stable': 0.926, 'parity': 0.4454, 'pos': 0.3273}}",minimax,minimax,44,64,60
"{'apertura': {'corner': 0.6522, 'mob': 0.7415, 'stable': 0.4698, 'parity': 0.6404, 'pos': 0.5868}, 'medio': {'corner': 0.3549, 'mob': 0.5859, 'stable': 0.5759, 'parity': 0.3582, 'pos': 0.6603}, 'final': {'corner': 0.6058, 'mob': 0.4767, 'stable': 0.7368, 'parity': 0.6378, 'pos': 0.6254}}",minimax,"{'apertura': {'corner': 0.6522, 'mob': 0.7415, 'stable': 0.4698, 'parity': 0.6404, 'pos': 0.5868}, 'medio': {'corner': 0.3549, 'mob': 0.5859, 'stable': 0.5759, 'parity': 0.3582, 'pos': 0.6603}, 'final': {'corner': 0.6058, 'mob': 0.4767, 'stable': 0.7368, 'parity': 0.6378, 'pos': 0.6254}}",34,64,60
"{'apertura': {'corner': 0.6352, 'mob': 0.3986, 'stable': 0.8182, 'parity': 0.132, 'pos': 0.7999}, 'medio': {'corner': 0.8154, 'mob': 0.3717, 'stable': 0.4812, 'parity': 0.5221, 'pos': 0.4559}, 'final': {'corner': 0.3913, 'mob': 0.4057, 'stable': 0.4565, 'parity': 0.4814, 'pos': 0.748}}",minimax,minimax,38,61,67
"{'apertura': {'corner': 0.4164, 'mob': 0.6079, 'stable': 0.4539, 'parity': 0.3256, 'pos': 0.6795}, 'medio': {'corner': 0.535, 'mob': 0.4115, 'stable': 0.5906, 'parity': 0.3266, 'pos': 0.4129}, 'final': {'corner': 0.274, 'mob': 0.5444, 'stable': 0.3125, 'parity': 0.5927, 'pos': 0.4422}}",minimax,"{'apertura': {'corner': 0.4164, 'mob': 0.6079, 'stable': 0.4539, 'parity': 0.3256, 'pos': 0.6795}, 'medio': {'corner': 0.535, 'mob': 0.4115, 'stable': 0.5906, 'parity': 0.3266, 'pos': 0.4129}, 'final': {'corner': 0.274, 'mob': 0.5444, 'stable': 0.3125, 'parity': 0.5927, 'pos': 0.4422}}",44,62,59
"{'apertura': {'corner': 0.5066, 'mob': 0.6132, 'stable': 0.506, 'parity': 0.6595, 'pos': 0.6042}, 'medio': {'corner': 0.4354, 'mob': 0.5993, 'stable': 0.4629, 'parity': 0.5148, 'pos': 0.5396}, 'final': {'corner': 0.4977, 'mob': 0.3777, 'stable': 0.7771, 'parity': 0.8108, 'pos': 0.3856}}",minimax,minimax,38,64,60
"{'apertura': {'corner': 0.4777, 'mob': 0.4223, 'stable': 0.7605, 'parity': 0.1012, 'pos': 0.9712}, 'medio': {'corner': 0.9442, 'mob': 0.3421, 'stable': 0.7304, 'parity': 0.3253, 'pos': 0.7957}, 'final': {'corner': 0.0276, 'mob': 0.5485, 'stable': 0.3063, 'parity': 0.1678, 'pos': 0.9407}}",minimax,"{'apertura': {'corner': 0.4777, 'mob': 0.4223, 'stable': 0.7605, 'parity': 0.1012, 'pos': 0.9712}, 'medio': {'corner': 0.9442, 'mob': 0.3421, 'stable': 0.7304, 'parity': 0.3253, 'pos': 0.7957}, 'final': {'corner': 0.0276, 'mob': 0.5485, 'stable': 0.3063, 'parity': 0.1678, 'pos': 0.9407}}",44,64,60
"{'apertura': {'corner': 0.6461, 'mob': 0.6753, 'stable': 0.4863, 'parity': 0.6657, 'pos': 0.5686}, 'medio': {'corner': 0.3358, 'mob': 0.629, 'stable': 0.5757, 'parity': 0.3624, 'pos': 0.6764}, 'final': {'corner': 0.5877, 'mob': 0.4399, 'stable': 0.7828, 'parity': 0.625, 'pos': 0.5879}}",minimax,minimax,57,61,60
"{'apertura': {'corner': 0.7928, 'mob': 0.3749740709263037, 'stable': 0.876, 'parity': 0.1628, 'pos': 0.6287}, 'medio': {'corner': 0.6865, 'mob': 0.4013, 'stable': 0.2319, 'parity': 0.7189, 'pos': 0.1162}, 'final': {'corner': 0.7551, 'mob': 0.263, 'stable': 0.6067, 'parity': 0.795, 'pos': 0.5554}}",minimax,"{'apertura': {'corner': 0.7928, 'mob': 0.3749740709263037, 'stable': 0.876, 'parity': 0.1628, 'pos': 0.6287}, 'medio': {'corner': 0.6865, 'mob': 0.4013, 'stable': 0.2319, 'parity': 0.7189, 'pos': 0.1162}, 'final': {'corner': 0.7551, 'mob': 0.263, 'stable': 0.6067, 'parity': 0.795, 'pos': 0.5554}}",34,63,61
"{'apertura': {'corner': 0.4922, 'mob': 0.5177, 'stable': 0.6332, 'parity': 0.3803, 'pos': 0.7877}, 'medio': {'corner': 0.6898, 'mob': 0.4707, 'stable': 0.5967, 'parity': 0.4201, 'pos': 0.6676}, 'final': {'corner': 0.2626, 'mob': 0.4631, 'stable': 0.5417, 'parity': 0.4893, 'pos': 0.6632}}",minimax,minimax,49,64,60
"{'apertura': {'corner': 0.6655, 'mob': 0.6419, 'stable': 0.8611, 'parity': 0.2509, 'pos': 0.5558}, 'medio': {'corner': 0.5804, 'mob': 0.4182, 'stable': 0.2435, 'parity': 0.5986, 'pos': 0.1507}, 'final': {'corner': 0.5422, 'mob': 0.3149, 'stable': 0.5883, 'parity': 0.8569, 'pos': 0.4653}}",minimax,minimax,45,63,59
"{'apertura': {'corner': 0.674, 'mob': 0.6818, 'stable': 0.4921, 'parity': 0.6025, 'pos': 0.6664}, 'medio': {'corner': 0.2311, 'mob': 0.6413, 'stable': 0.4092, 'parity': 0.3478, 'pos': 0.7841}, 'final': {'corner': 0.5025, 'mob': 0.5387, 'stable': 0.7802, 'parity': 0.6955, 'pos': 0.662}}",minimax,"{'apertura': {'corner': 0.674, 'mob': 0.6818, 'stable': 0.4921, 'parity': 0.6025, 'pos': 0.6664}, 'medio': {'corner': 0.2311, 'mob': 0.6413, 'stable': 0.4092, 'parity': 0.3478, 'pos': 0.7841}, 'final': {'corner': 0.5025, 'mob': 0.5387, 'stable': 0.7802, 'parity': 0.6955, 'pos': 0.662}}",32,63,59
"{'apertura': {'corner': 0.5733, 'mob': 0.6112, 'stable': 0.5044, 'parity': 0.6752, 'pos': 0.5773}, 'medio': {'corner': 0.376, 'mob': 0.6357, 'stable': 0.5192, 'parity': 0.4406, 'pos': 0.616}, 'final': {'corner': 0.5337, 'mob': 0.3904, 'stable': 0.803, 'parity': 0.7114, 'pos': 0.468}}",minimax,minimax,49,64,60
"{'apertura': {'corner': 0.5066, 'mob': 0.6132, 'stable': 0.506, 'parity': 0.6595, 'pos': 0.6042}, 'medio': {'corner': 0.4354, 'mob': 0.5993, 'stable': 0.4629, 'parity': 0.5148, 'pos': 0.5396}, 'final': {'corner': 0.4977, 'mob': 0.3777, 'stable': 0.7771, 'parity': 0.8108, 'pos': 0.3856}}",minimax,minimax,35,63,59
"{'apertura': {'corner': 0.6231, 'mob': 0.4821, 'stable': 0.9004, 'parity': 0.2767, 'pos': 0.5492}, 'medio': {'corner': 0.5391, 'mob': 0.441, 'stable': 0.3669, 'parity': 0.6712, 'pos': 0.2815}, 'final': {'corner': 0.5588, 'mob': 0.409, 'stable': 0.6121, 'parity': 0.8121, 'pos': 0.5942}}",minimax,"{'apertura': {'corner': 0.6231, 'mob': 0.4821, 'stable': 0.9004, 'parity': 0.2767, 'pos': 0.5492}, 'medio': {'corner': 0.5391, 'mob': 0.441, 'stable': 0.3669, 'parity': 0.6712, 'pos': 0.2815}, 'final': {'corner': 0.5588, 'mob': 0.409, 'stable': 0.6121, 'parity': 0.8121, 'pos': 0.5942}}",35,64,62
"{'apertura': {'corner': 0.5484, 'mob': 0.6674, 'stable': 0.4748, 'parity': 0.4788, 'pos': 0.6536}, 'medio': {'corner': 0.3973, 'mob': 0.5315, 'stable': 0.5276, 'parity': 0.140483253022561, 'pos': 0.5832}, 'final': {'corner': 0.3995, 'mob': 0.5189, 'stable': 0.5544, 'parity': 0.6302, 'pos': 0.5335}}",minimax,"{'apertura': {'corner': 0.5484, 'mob': 0.6674, 'stable': 0.4748, 'parity': 0.4788, 'pos': 0.6536}, 'medio': {'corner': 0.3973, 'mob': 0.5315, 'stable': 0.5276, 'parity': 0.140483253022561, 'pos': 0.5832}, 'final': {'corner': 0.3995, 'mob': 0.5189, 'stable': 0.5544, 'parity': 0.6302, 'pos': 0.5335}}",36,64,60
"{'apertura': {'corner': 0.6377, 'mob': 0.6118, 'stable': 0.6851, 'parity': 0.4586, 'pos': 0.568}, 'medio': {'corner': 0.447, 'mob': 0.5134, 'stable': 0.4714, 'parity': 0.5147, 'pos': 0.4709}, 'final': {'corner': 0.47168127778845786, 'mob': 0.4428, 'stable': 0.6744, 'parity': 0.7249, 'pos': 0.6098}}",minimax,"{'apertura': {'corner': 0.6377, 'mob': 0.6118, 'stable': 0.6851, 'parity': 0.4586, 'pos': 0.568}, 'medio': {'corner': 0.447, 'mob': 0.5134, 'stable': 0.4714, 'parity': 0.5147, 'pos': 0.4709}, 'final': {'corner': 0.47168127778845786, 'mob': 0.4428, 'stable': 0.6744, 'parity': 0.7249, 'pos': 0.6098}}",36,64,60
"{'apertura': {'corner': 0.6641319149637654, 'mob': 0.6427, 'stable': 0.515, 'parity': 0.7637, 'pos': 0.4613}, 'medio': {'corner': 0.4617, 'mob': 0.6663, 'stable': 0.6856, 'parity': 0.4594, 'pos': 0.5244}, 'final': {'corner': 0.6009, 'mob': 0.2548, 'stable': 0.8516, 'parity': 0.6281, 'pos': 0.3564}}",minimax,minimax,35,64,60
"{'apertura': {'corner': 0.626, 'mob': 0.6996, 'stable': 0.5099, 'parity': 0.75, 'pos': 0.4731}, 'medio': {'corner': 0.3739, 'mob': 0.6925, 'stable': 0.6865, 'parity': 0.379, 'pos': 0.6314}, 'final': {'corner': 0.6145, 'mob': 0.3126, 'stable': 0.8612, 'parity': 0.5565, 'pos': 0.476}}",minimax,minimax,43,64,60
"{'apertura': {'corner': 0.7928, 'mob': 0.3749740709263037, 'stable': 0.876, 'parity': 0.1628, 'pos': 0.6287}, 'medio': {'corner': 0.6865, 'mob': 0.4013, 'stable': 0.2319, 'parity': 0.7189, 'pos': 0.1162}, 'final': {'corner': 0.7551, 'mob': 0.263, 'stable': 0.6067, 'parity': 0.795, 'pos': 0.5554}}",minimax,minimax,41,56,60
"{'apertura': {'corner': 0.5484, 'mob': 0.6674, 'stable': 0.4748, 'parity': 0.4788, 'pos': 0.6536}, 'medio': {'corner': 0.3973, 'mob': 0.5315, 'stable': 0.5276, 'parity': 0.140483253022561, 'pos': 0.5832}, 'final': {'corner': 0.3995, 'mob': 0.5189, 'stable': 0.5544, 'parity': 0.6302, 'pos': 0.5335}}",minimax,minimax,45,63,63
"{'apertura': {'corner': 0.5066, 'mob': 0.6132, 'stable': 0.506, 'parity': 0.6595, 'pos': 0.6042}, 'medio': {'corner': 0.4354, 'mob': 0.5993, 'stable': 0.4629, 'parity': 0.5148, 'pos': 0.5396}, 'final': {'corner': 0.4977, 'mob': 0.3777, 'stable': 0.7771, 'parity': 0.8108, 'pos': 0.3856}}",minimax,minimax,35,63,65
"{'apertura': {'corner': 0.6377, 'mob': 0.6118, 'stable': 0.6851, 'parity': 0.4586, 'pos': 0.568}, 'medio': {'corner': 0.447, 'mob': 0.5134, 'stable': 0.4714, 'parity': 0.5147, 'pos': 0.4709}, 'final': {'corner': 0.47168127778845786, 'mob': 0.4428, 'stable': 0.6744, 'parity': 0.7249, 'pos': 0.6098}}",minimax,minimax,45,64,61
"{'apertura': {'corner': 0.674, 'mob': 0.6818, 'stable': 0.4921, 'parity': 0.6025, 'pos': 0.6664}, 'medio': {'corner': 0.2311, 'mob': 0.6413, 'stable': 0.4092, 'parity': 0.3478, 'pos': 0.7841}, 'final': {'corner': 0.5025, 'mob': 0.5387, 'stable': 0.7802, 'parity': 0.6955, 'pos': 0.662}}",minimax,"{'apertura': {'corner': 0.674, 'mob': 0.6818, 'stable': 0.4921, 'parity': 0.6025, 'pos': 0.6664}, 'medio': {'corner': 0.2311, 'mob': 0.6413, 'stable': 0.4092, 'parity': 0.3478, 'pos': 0.7841}, 'final': {'corner': 0.5025, 'mob': 0.5387, 'stable': 0.7802, 'parity': 0.6955, 'pos': 0.662}}",45,64,66
"{'apertura': {'corner': 0.6046, 'mob': 0.4914, 'stable': 0.665, 'parity': 0.2442, 'pos': 0.6541}, 'medio': {'corner': 0.6108, 'mob': 0.4064, 'stable': 0.4113, 'parity': 0.5228, 'pos': 0.2646}, 'final': {'corner': 0.5146, 'mob': 0.4037, 'stable': 0.4596, 'parity': 0.6939, 'pos': 0.4988}}",minimax,"{'apertura': {'corner': 0.6046, 'mob': 0.4914, 'stable': 0.665, 'parity': 0.2442, 'pos': 0.6541}, 'medio': {'corner': 0.6108, 'mob': 0.4064, 'stable': 0.4113, 'parity': 0.5228, 'pos': 0.2646}, 'final': {'corner': 0.5146, 'mob': 0.4037, 'stable': 0.4596, 'parity': 0.6939, 'pos': 0.4988}}",53,62,59
"{'apertura': {'corner': 0.6231, 'mob': 0.4821, 'stable': 0.9004, 'parity': 0.2767, 'pos': 0.5492}, 'medio': {'corner': 0.5391, 'mob': 0.441, 'stable': 0.3669, 'parity': 0.6712, 'pos': 0.2815}, 'final': {'corner': 0.5588, 'mob': 0.409, 'stable': 0.6121, 'parity': 0.8121, 'pos': 0.5942}}",minimax,minimax,43,63,59
"{'apertura': {'corner': 0.4164, 'mob': 0.6079, 'stable': 0.4539, 'parity': 0.3256, 'pos': 0.6795}, 'medio': {'corner': 0.535, 'mob': 0.4115, 'stable': 0.5906, 'parity': 0.3266, 'pos': 0.4129}, 'final': {'corner': 0.274, 'mob': 0.5444, 'stable': 0.3125, 'parity': 0.5927, 'pos': 0.4422}}",minimax,"{'apertura': {'corner': 0.4164, 'mob': 0.6079, 'stable': 0.4539, 'parity': 0.3256, 'pos': 0.6795}, 'medio': {'corner': 0.535, 'mob': 0.4115, 'stable': 0.5906, 'parity': 0.3266, 'pos': 0.4129}, 'final': {'corner': 0.274, 'mob': 0.5444, 'stable': 0.3125, 'parity': 0.5927, 'pos': 0.4422}}",41,63,59
"{'apertura': {'corner': 0.5275, 'mob': 0.6403, 'stable': 0.4904, 'parity': 0.5692, 'pos': 0.6289}, 'medio': {'corner': 0.4163, 'mob': 0.5654, 'stable': 0.4952, 'parity': 0.3276, 'pos': 0.5614}, 'final': {'corner': 0.4486, 'mob': 0.4483, 'stable': 0.6658, 'parity': 0.7205, 'pos': 0.4596}}",minimax,"{'apertura': {'corner': 0.5275, 'mob': 0.6403, 'stable': 0.4904, 'parity': 0.5692, 'pos': 0.6289}, 'medio': {'corner': 0.4163, 'mob': 0.5654, 'stable': 0.4952, 'parity': 0.3276, 'pos': 0.5614}, 'final': {'corner': 0.4486, 'mob': 0.4483, 'stable': 0.6658, 'parity': 0.7205, 'pos': 0.4596}}",38,63,60
"{'apertura': {'corner': 0.5565, 'mob': 0.4104, 'stable': 0.7893, 'parity': 0.1166, 'pos': 0.8856}, 'medio': {'corner': 0.8798, 'mob': 0.3569, 'stable': 0.6058, 'parity': 0.4237, 'pos': 0.6258}, 'final': {'corner': 0.2094, 'mob': 0.4771, 'stable': 0.3814, 'parity': 0.3246, 'pos': 0.8443}}",minimax,"{'apertura': {'corner': 0.5565, 'mob': 0.4104, 'stable': 0.7893, 'parity': 0.1166, 'pos': 0.8856}, 'medio': {'corner': 0.8798, 'mob': 0.3569, 'stable': 0.6058, 'parity': 0.4237, 'pos': 0.6258}, 'final': {'corner': 0.2094, 'mob': 0.4771, 'stable': 0.3814, 'parity': 0.3246, 'pos': 0.8443}}",44,63,60
"{'apertura': {'corner': 0.4615, 'mob': 0.6105, 'stable': 0.4799, 'parity': 0.4925, 'pos': 0.6419}, 'medio': {'corner': 0.4852, 'mob': 0.5054, 'stable': 0.5268, 'parity': 0.4207, 'pos': 0.4762}, 'final': {'corner': 0.3859, 'mob': 0.461, 'stable': 0.5448, 'parity': 0.7017, 'pos': 0.4139}}",minimax,minimax,40,64,60
"{'apertura': {'corner': 0.5722, 'mob': 0.6125, 'stable': 0.5956, 'parity': 0.5591, 'pos': 0.5861}, 'medio': {'corner': 0.4412, 'mob': 0.5564, 'stable': 0.4671, 'parity': 0.5148, 'pos': 0.5052}, 'final': {'corner': 0.4847, 'mob': 0.4103, 'stable': 0.7258, 'parity': 0.7678, 'pos': 0.4977}}",minimax,minimax,56,64,60
"{'apertura': {'corner': 0.683, 'mob': 0.4931, 'stable': 0.6902, 'parity': 0.419, 'pos': 0.603}, 'medio': {'corner': 0.5313, 'mob': 0.5185, 'stable': 0.3755, 'parity': 0.5797, 'pos': 0.3661}, 'final': {'corner': 0.6444, 'mob': 0.3267, 'stable': 0.7048, 'parity': 0.7532, 'pos': 0.5117}}",minimax,"{'apertura': {'corner': 0.683, 'mob': 0.4931, 'stable': 0.6902, 'parity': 0.419, 'pos': 0.603}, 'medio': {'corner': 0.5313, 'mob': 0.5185, 'stable': 0.3755, 'parity': 0.5797, 'pos': 0.3661}, 'final': {'corner': 0.6444, 'mob': 0.3267, 'stable': 0.7048, 'parity': 0.7532, 'pos': 0.5117}}",35,64,60
"{'apertura': {'corner': 0.6436, 'mob': 0.5624, 'stable': 0.7077, 'parity': 0.5202, 'pos': 0.5052}, 'medio': {'corner': 0.5004, 'mob': 0.5536, 'stable': 0.5262, 'parity': 0.5653, 'pos': 0.4029}, 'final': {'corner': 0.5798, 'mob': 0.3319, 'stable': 0.7319, 'parity': 0.7201, 'pos': 0.4753}}",minimax,minimax,41,64,60
"{'apertura': {'corner': 0.6306, 'mob': 0.5491, 'stable': 0.6641, 'parity': 0.441, 'pos': 0.6365}, 'medio': {'corner': 0.5947, 'mob': 0.5321, 'stable': 0.5838, 'parity': 0.4506, 'pos': 0.5436}, 'final': {'corner': 0.5029, 'mob': 0.3591, 'stable': 0.6588, 'parity': 0.519, 'pos': 0.612}}",minimax,"{'apertura': {'corner': 0.6306, 'mob': 0.5491, 'stable': 0.6641, 'parity': 0.441, 'pos': 0.6365}, 'medio': {'corner': 0.5947, 'mob': 0.5321, 'stable': 0.5838, 'parity': 0.4506, 'pos': 0.5436}, 'final': {'corner': 0.5029, 'mob': 0.3591, 'stable': 0.6588, 'parity': 0.519, 'pos': 0.612}}",33,64,60
"{'apertura': {'corner': 0.4777, 'mob': 0.4223, 'stable': 0.7605, 'parity': 0.1012, 'pos': 0.9712}, 'medio': {'corner': 0.9442, 'mob': 0.3421, 'stable': 0.7304, 'parity': 0.3253, 'pos': 0.7957}, 'final': {'corner': 0.0276, 'mob': 0.5485, 'stable': 0.3063, 'parity': 0.1678, 'pos': 0.9407}}",minimax,minimax,41,64,60
"{'apertura': {'corner': 0.5275, 'mob': 0.6403, 'stable': 0.4904, 'parity': 0.5692, 'pos': 0.6289}, 'medio': {'corner': 0.4163, 'mob': 0.5654, 'stable': 0.4952, 'parity': 0.3276, 'pos': 0.5614}, 'final': {'corner': 0.4486, 'mob': 0.4483, 'stable': 0.6658, 'parity': 0.7205, 'pos': 0.4596}}",minimax,"{'apertura': {'corner': 0.5275, 'mob': 0.6403, 'stable': 0.4904, 'parity': 0.5692, 'pos': 0.6289}, 'medio': {'corner': 0.4163, 'mob': 0.5654, 'stable': 0.4952, 'parity': 0.3276, 'pos': 0.5614}, 'final': {'corner': 0.4486, 'mob': 0.4483, 'stable': 0.6658, 'parity': 0.7205, 'pos': 0.4596}}",50,58,59
"{'apertura': {'corner': 0.6231, 'mob': 0.5964824307278414, 'stable': 0.5438, 'parity': 0.5808, 'pos': 0.6262}, 'medio': {'corner': 0.3362, 'mob': 0.5988, 'stable': 0.4382, 'parity': 0.4313, 'pos': 0.6446}, 'final': {'corner': 0.4936, 'mob': 0.4745, 'stable': 0.753, 'parity': 0.7317, 'pos': 0.5798}}",minimax,minimax,42,60,60
"{'apertura': {'corner': 0.683, 'mob': 0.4931, 'stable': 0.6902, 'parity': 0.419, 'pos': 0.603}, 'medio': {'corner': 0.5313, 'mob': 0.5185, 'stable': 0.3755, 'parity': 0.5797, 'pos': 0.3661}, 'final': {'corner': 0.6444, 'mob': 0.3267, 'stable': 0.7048, 'parity': 0.7532, 'pos': 0.5117}}",minimax,"{'apertura': {'corner': 0.683, 'mob': 0.4931, 'stable': 0.6902, 'parity': 0.419, 'pos': 0.603}, 'medio': {'corner': 0.5313, 'mob': 0.5185, 'stable': 0.3755, 'parity': 0.5797, 'pos': 0.3661}, 'final': {'corner': 0.6444, 'mob': 0.3267, 'stable': 0.7048, 'parity': 0.7532, 'pos': 0.5117}}",56,63,59
"{'apertura': {'corner': 0.6377, 'mob': 0.6118, 'stable': 0.6851, 'parity': 0.4586, 'pos': 0.568}, 'medio': {'corner': 0.447, 'mob': 0.5134, 'stable': 0.4714, 'parity': 0.5147, 'pos': 0.4709}, 'final': {'corner': 0.47168127778845786, 'mob': 0.4428, 'stable': 0.6744, 'parity': 0.7249, 'pos': 0.6098}}",minimax,minimax,43,64,60
"{'apertura': {'corner': 0.6333, 'mob': 0.5222, 'stable': 0.804, 'parity': 0.3984, 'pos': 0.5272}, 'medio': {'corner': 0.5197, 'mob': 0.4973, 'stable': 0.4466, 'parity': 0.6182, 'pos': 0.3422}, 'final': {'corner': 0.5693, 'mob': 0.3704, 'stable': 0.672, 'parity': 0.7661, 'pos': 0.5347}}",minimax,minimax,55,62,60
"{'apertura': {'corner': 0.674, 'mob': 0.6818, 'stable': 0.4921, 'parity': 0.6025, 'pos': 0.6664}, 'medio': {'corner': 0.2311, 'mob': 0.6413, 'stable': 0.4092, 'parity': 0.3478, 'pos': 0.7841}, 'final': {'corner': 0.5025, 'mob': 0.5387, 'stable': 0.7802, 'parity': 0.6955, 'pos': 0.662}}",minimax,"{'apertura': {'corner': 0.674, 'mob': 0.6818, 'stable': 0.4921, 'parity': 0.6025, 'pos': 0.6664}, 'medio': {'corner': 0.2311, 'mob': 0.6413, 'stable': 0.4092, 'parity': 0.3478, 'pos': 0.7841}, 'final': {'corner': 0.5025, 'mob': 0.5387, 'stable': 0.7802, 'parity': 0.6955, 'pos': 0.662}}",39,64,63
"{'apertura': {'corner': 0.5931, 'mob': 0.6396, 'stable': 0.5799, 'parity': 0.4687, 'pos': 0.6108}, 'medio': {'corner': 0.4222, 'mob': 0.5224, 'stable': 0.4995, 'parity': 0.3276, 'pos': 0.5271}, 'final': {'corner': 0.4356, 'mob': 0.4808, 'stable': 0.6144, 'parity': 0.6775, 'pos': 0.5716}}",minimax,minimax,49,62,60
"{'apertura': {'corner': 0.5565, 'mob': 0.4104, 'stable': 0.7893, 'parity': 0.1166, 'pos': 0.8856}, 'medio': {'corner': 0.8798, 'mob': 0.3569, 'stable': 0.6058, 'parity': 0.4237, 'pos': 0.6258}, 'final': {'corner': 0.2094, 'mob': 0.4771, 'stable': 0.3814, 'parity': 0.3246, 'pos': 0.8443}}",minimax,"{'apertura': {'corner': 0.5565, 'mob': 0.4104, 'stable': 0.7893, 'parity': 0.1166, 'pos': 0.8856}, 'medio': {'corner': 0.8798, 'mob': 0.3569, 'stable': 0.6058, 'parity': 0.4237, 'pos': 0.6258}, 'final': {'corner': 0.2094, 'mob': 0.4771, 'stable': 0.3814, 'parity': 0.3246, 'pos': 0.8443}}",47,63,62
"{'apertura': {'corner': 0.6306, 'mob': 0.5491, 'stable': 0.6641, 'parity': 0.441, 'pos': 0.6365}, 'medio': {'corner': 0.5947, 'mob': 0.5321, 'stable': 0.5838, 'parity': 0.4506, 'pos': 0.5436}, 'final': {'corner': 0.5029, 'mob': 0.3591, 'stable': 0.6588, 'parity': 0.519, 'pos': 0.612}}",minimax,"{'apertura': {'corner': 0.6306, 'mob': 0.5491, 'stable': 0.6641, 'parity': 0.441, 'pos': 0.6365}, 'medio': {'corner': 0.5947, 'mob': 0.5321, 'stable': 0.5838, 'parity': 0.4506, 'pos': 0.5436}, 'final': {'corner': 0.5029, 'mob': 0.3591, 'stable': 0.6588, 'parity': 0.519, 'pos': 0.612}}",47,63,62
"{'apertura': {'corner': 0.6046, 'mob': 0.4914, 'stable': 0.665, 'parity': 0.2442, 'pos': 0.6541}, 'medio': {'corner': 0.6108, 'mob': 0.4064, 'stable': 0.4113, 'parity': 0.5228, 'pos': 0.2646}, 'final': {'corner': 0.5146, 'mob': 0.4037, 'stable': 0.4596, 'parity': 0.6939, 'pos': 0.4988}}",minimax,"{'apertura': {'corner': 0.6046, 'mob': 0.4914, 'stable': 0.665, 'parity': 0.2442, 'pos': 0.6541}, 'medio': {'corner': 0.6108, 'mob': 0.4064, 'stable': 0.4113, 'parity': 0.5228, 'pos': 0.2646}, 'final': {'corner': 0.5146, 'mob': 0.4037, 'stable': 0.4596, 'parity': 0.6939, 'pos': 0.4988}}",54,63,60
"{'apertura': {'corner': 0.5971, 'mob': 0.5111, 'stable': 0.5711150271955476, 'parity': 0.2876, 'pos': 0.7268}, 'medio': {'corner': 0.6634, 'mob': 0.4351, 'stable': 0.5386, 'parity': 0.4692, 'pos': 0.5484}, 'final': {'corner': 0.3405, 'mob': 0.46, 'stable': 0.5279, 'parity': 0.5248, 'pos': 0.727}}",minimax,minimax,35,63,59
"{'apertura': {'corner': 0.5791, 'mob': 0.5947, 'stable': 0.5773, 'parity': 0.5051, 'pos': 0.6327}, 'medio': {'corner': 0.5055, 'mob': 0.5488, 'stable': 0.5395, 'parity': 0.3891, 'pos': 0.5525}, 'final': {'corner': 0.4758, 'mob': 0.4037, 'stable': 0.6623, 'parity': 0.6198, 'pos': 0.5358}}",minimax,minimax,50,64,60
"{'apertura': {'corner': 0.4164, 'mob': 0.6079, 'stable': 0.4539, 'parity': 0.3256, 'pos': 0.6795}, 'medio': {'corner': 0.535, 'mob': 0.4115, 'stable': 0.5906, 'parity': 0.3266, 'pos': 0.4129}, 'final': {'corner': 0.274, 'mob': 0.5444, 'stable': 0.3125, 'parity': 0.5927, 'pos': 0.4422}}",minimax,minimax,42,64,60
"{'apertura': {'corner': 0.47817438032245135, 'mob': 0.5164, 'stable': 0.6202, 'parity': 0.2969, 'pos': 0.8065}, 'medio': {'corner': 0.7147, 'mob': 0.4237, 'stable': 0.6286, 'parity': 0.373, 'pos': 0.636}, 'final': {'corner': 0.2068, 'mob': 0.5048, 'stable': 0.4255, 'parity': 0.4347, 'pos': 0.6773}}",minimax,minimax,41,64,61
"{'apertura': {'corner': 0.4471, 'mob': 0.5151, 'stable': 0.6072, 'parity': 0.2134, 'pos': 0.8254}, 'medio': {'corner': 0.7396, 'mob': 0.3768, 'stable': 0.6605, 'parity': 0.3259, 'pos': 0.6043}, 'final': {'corner': 0.1508, 'mob': 0.5464, 'stable': 0.3094, 'parity': 0.3802, 'pos': 0.6915}}",minimax,minimax,43,64,60
"{'apertura': {'corner': 0.5895, 'mob': 0.6082, 'stable': 0.5695, 'parity': 0.4599, 'pos': 0.645}, 'medio': {'corner': 0.496, 'mob': 0.5318, 'stable': 0.5557, 'parity': 0.2955, 'pos': 0.5634}, 'final': {'corner': 0.4512, 'mob': 0.439, 'stable': 0.6066, 'parity': 0.5746, 'pos': 0.5727}}",minimax,minimax,34,64,61
"{'apertura': {'corner': 0.5565, 'mob': 0.4104, 'stable': 0.7893, 'parity': 0.1166, 'pos': 0.8856}, 'medio': {'corner': 0.8798, 'mob': 0.3569, 'stable': 0.6058, 'parity': 0.4237, 'pos': 0.6258}, 'final': {'corner': 0.2094, 'mob': 0.4771, 'stable': 0.3814, 'parity': 0.3246, 'pos': 0.8443}}",minimax,minimax,49,59,61
"{'apertura': {'corner': 0.4864, 'mob': 0.33442137087559654, 'stable': 0.6216, 'parity': 0.2211, 'pos': 0.7826}, 'medio': {'corner': 0.7074, 'mob': 0.3842, 'stable': 0.5982, 'parity': 0.3751, 'pos': 0.5193}, 'final': {'corner': 0.2417, 'mob': 0.5108, 'stable': 0.3469, 'parity': 0.4587, 'pos': 0.6432}}",minimax,minimax,51,59,61
"{'apertura': {'corner': 0.631, 'mob': 0.5439, 'stable': 0.6338, 'parity': 0.462, 'pos': 0.6179}, 'medio': {'corner': 0.5184, 'mob': 0.5336, 'stable': 0.4575, 'parity': 0.4844, 'pos': 0.4593}, 'final': {'corner': 0.5601, 'mob': 0.3652, 'stable': 0.6835, 'parity': 0.6865, 'pos': 0.5238}}",minimax,minimax,47,58,63
"{'apertura': {'corner': 0.5275, 'mob': 0.6403, 'stable': 0.4904, 'parity': 0.5692, 'pos': 0.6289}, 'medio': {'corner': 0.4163, 'mob': 0.5654, 'stable': 0.4952, 'parity': 0.3276, 'pos': 0.5614}, 'final': {'corner': 0.4486, 'mob': 0.4483, 'stable': 0.6658, 'parity': 0.7205, 'pos': 0.4596}}",minimax,minimax,56,59,60
"{'apertura': {'corner': 0.674, 'mob': 0.6818, 'stable': 0.4921, 'parity': 0.6025, 'pos': 0.6664}, 'medio': {'corner': 0.2311, 'mob': 0.6413, 'stable': 0.4092, 'parity': 0.3478, 'pos': 0.7841}, 'final': {'corner': 0.5025, 'mob': 0.5387, 'stable': 0.7802, 'parity': 0.6955, 'pos': 0.662}}",minimax,minimax,42,63,65
"{'apertura': {'corner': 0.683, 'mob': 0.4931, 'stable': 0.6902, 'parity': 0.419, 'pos': 0.603}, 'medio': {'corner': 0.5313, 'mob': 0.5185, 'stable': 0.3755, 'parity': 0.5797, 'pos': 0.3661}, 'final': {'corner': 0.6444, 'mob': 0.3267, 'stable': 0.7048, 'parity': 0.7532, 'pos': 0.5117}}",minimax,"{'apertura': {'corner': 0.683, 'mob': 0.4931, 'stable': 0.6902, 'parity': 0.419, 'pos': 0.603}, 'medio': {'corner': 0.5313, 'mob': 0.5185, 'stable': 0.3755, 'parity': 0.5797, 'pos': 0.3661}, 'final': {'corner': 0.6444, 'mob': 0.3267, 'stable': 0.7048, 'parity': 0.7532, 'pos': 0.5117}}",37,64,60
"{'apertura': {'corner': 0.6139, 'mob': 0.5301, 'stable': 0.6176, 'parity': 0.3643, 'pos': 0.6816}, 'medio': {'corner': 0.629, 'mob': 0.4836, 'stable': 0.5612, 'parity': 0.4599, 'pos': 0.546}, 'final': {'corner': 0.4217, 'mob': 0.4095, 'stable': 0.5934, 'parity': 0.5219, 'pos': 0.6695}}",minimax,"{'apertura': {'corner': 0.6139, 'mob': 0.5301, 'stable': 0.6176, 'parity': 0.3643, 'pos': 0.6816}, 'medio': {'corner': 0.629, 'mob': 0.4836, 'stable': 0.5612, 'parity': 0.4599, 'pos': 0.546}, 'final': {'corner': 0.4217, 'mob': 0.4095, 'stable': 0.5934, 'parity': 0.5219, 'pos': 0.6695}}",44,61,59
"{'apertura': {'corner': 0.6377, 'mob': 0.6118, 'stable': 0.6851, 'parity': 0.4586, 'pos': 0.568}, 'medio': {'corner': 0.447, 'mob': 0.5134, 'stable': 0.4714, 'parity': 0.5147, 'pos': 0.4709}, 'final': {'corner': 0.47168127778845786, 'mob': 0.4428, 'stable': 0.6744, 'parity': 0.7249, 'pos': 0.6098}}",minimax,"{'apertura': {'corner': 0.6377, 'mob': 0.6118, 'stable': 0.6851, 'parity': 0.4586, 'pos': 0.568}, 'medio': {'corner': 0.447, 'mob': 0.5134, 'stable': 0.4714, 'parity': 0.5147, 'pos': 0.4709}, 'final': {'corner': 0.47168127778845786, 'mob': 0.4428, 'stable': 0.6744, 'parity': 0.7249, 'pos': 0.6098}}",41,64,60
"{'apertura': {'corner': 0.5791, 'mob': 0.5947, 'stable': 0.5773, 'parity': 0.5051, 'pos': 0.6327}, 'medio': {'corner': 0.5055, 'mob': 0.5488, 'stable': 0.5395, 'parity': 0.3891, 'pos': 0.5525}, 'final': {'corner': 0.4758, 'mob': 0.4037, 'stable': 0.6623, 'parity': 0.6198, 'pos': 0.5358}}",minimax,minimax,35,63,60
"{'apertura': {'corner': 0.6132, 'mob': 0.5809, 'stable': 0.692, 'parity': 0.4335, 'pos': 0.569}, 'medio': {'corner': 0.471, 'mob': 0.5099, 'stable': 0.6036289707589242, 'parity': 0.4729, 'pos': 0.4346}, 'final': {'corner': 0.5025, 'mob': 0.4256, 'stable': 0.6432, 'parity': 0.7218, 'pos': 0.5532}}",minimax,"{'apertura': {'corner': 0.6132, 'mob': 0.5809, 'stable': 0.692, 'parity': 0.4335, 'pos': 0.569}, 'medio': {'corner': 0.471, 'mob': 0.5099, 'stable': 0.6036289707589242, 'parity': 0.4729, 'pos': 0.4346}, 'final': {'corner': 0.5025, 'mob': 0.4256, 'stable': 0.6432, 'parity': 0.7218, 'pos': 0.5532}}",43,62,59
"{'apertura': {'corner': 0.6062, 'mob': 0.5585, 'stable': 0.6906, 'parity': 0.4517, 'pos': 0.5799}, 'medio': {'corner': 0.5126, 'mob': 0.5231, 'stable': 0.493, 'parity': 0.5036, 'pos': 0.4474}, 'final': {'corner': 0.5226, 'mob': 0.3871, 'stable': 0.6672, 'parity': 0.6929, 'pos': 0.5353}}",minimax,"{'apertura': {'corner': 0.6062, 'mob': 0.5585, 'stable': 0.6906, 'parity': 0.4517, 'pos': 0.5799}, 'medio': {'corner': 0.5126, 'mob': 0.5231, 'stable': 0.493, 'parity': 0.5036, 'pos': 0.4474}, 'final': {'corner': 0.5226, 'mob': 0.3871, 'stable': 0.6672, 'parity': 0.6929, 'pos': 0.5353}}",42,64,60
"{'apertura': {'corner': 0.6306, 'mob': 0.5491, 'stable': 0.6641, 'parity': 0.441, 'pos': 0.6365}, 'medio': {'corner': 0.5947, 'mob': 0.5321, 'stable': 0.5838, 'parity': 0.4506, 'pos': 0.5436}, 'final': {'corner': 0.5029, 'mob': 0.3591, 'stable': 0.6588, 'parity': 0.519, 'pos': 0.612}}",minimax,minimax,50,64,60
"{'apertura': {'corner': 0.6046, 'mob': 0.4914, 'stable': 0.665, 'parity': 0.2442, 'pos': 0.6541}, 'medio': {'corner': 0.6108, 'mob': 0.4064, 'stable': 0.4113, 'parity': 0.5228, 'pos': 0.2646}, 'final': {'corner': 0.5146, 'mob': 0.4037, 'stable': 0.4596, 'parity': 0.6939, 'pos': 0.4988}}",minimax,"{'apertura': {'corner': 0.6046, 'mob': 0.4914, 'stable': 0.665, 'parity': 0.2442, 'pos': 0.6541}, 'medio': {'corner': 0.6108, 'mob': 0.4064, 'stable': 0.4113, 'parity': 0.5228, 'pos': 0.2646}, 'final': {'corner': 0.5146, 'mob': 0.4037, 'stable': 0.4596, 'parity': 0.6939, 'pos': 0.4988}}",44,64,60
"{'apertura': {'corner': 0.5748, 'mob': 0.525, 'stable': 0.6846, 'parity': 0.2927, 'pos': 0.7482}, 'medio': {'corner': 0.651, 'mob': 0.4396, 'stable': 0.5526, 'parity': 0.3757, 'pos': 0.5765}, 'final': {'corner': 0.3225, 'mob': 0.4789, 'stable': 0.4979, 'parity': 0.501, 'pos': 0.708}}",minimax,minimax,47,63,61
"{'apertura': {'corner': 0.5271, 'mob': 0.6099, 'stable': 0.5695, 'parity': 0.3921, 'pos': 0.6238}, 'medio': {'corner': 0.491, 'mob': 0.4624, 'stable': 0.531, 'parity': 0.4207, 'pos': 0.4419}, 'final': {'corner': 0.3728, 'mob': 0.4936, 'stable': 0.4934, 'parity': 0.6588, 'pos': 0.526}}",minimax,minimax,35,64,60
"{'apertura': {'corner': 0.5068, 'mob': 0.5595, 'stable': 0.5125, 'parity': 0.3066, 'pos': 0.7031}, 'medio': {'corner': 0.5992, 'mob': 0.4233, 'stable': 0.5646, 'parity': 0.3979, 'pos': 0.4807}, 'final': {'corner': 0.3073, 'mob': 0.5022, 'stable': 0.4202, 'parity': 0.5588, 'pos': 0.5846}}",minimax,"{'apertura': {'corner': 0.5068, 'mob': 0.5595, 'stable': 0.5125, 'parity': 0.3066, 'pos': 0.7031}, 'medio': {'corner': 0.5992, 'mob': 0.4233, 'stable': 0.5646, 'parity': 0.3979, 'pos': 0.4807}, 'final': {'corner': 0.3073, 'mob': 0.5022, 'stable': 0.4202, 'parity': 0.5588, 'pos': 0.5846}}",42,64,60
"{'apertura': {'corner': 0.6046, 'mob': 0.4914, 'stable': 0.665, 'parity': 0.2442, 'pos': 0.6541}, 'medio': {'corner': 0.6108, 'mob': 0.4064, 'stable': 0.4113, 'parity': 0.5228, 'pos': 0.2646}, 'final': {'corner': 0.5146, 'mob': 0.4037, 'stable': 0.4596, 'parity': 0.6939, 'pos': 0.4988}}",minimax,minimax,49,62,60
"{'apertura': {'corner': 0.5068, 'mob': 0.5595, 'stable': 0.5125, 'parity': 0.3066, 'pos': 0.7031}, 'medio': {'corner': 0.5992, 'mob': 0.4233, 'stable': 0.5646, 'parity': 0.3979, 'pos': 0.4807}, 'final': {'corner': 0.3073, 'mob': 0.5022, 'stable': 0.4202, 'parity': 0.5588, 'pos': 0.5846}}",minimax,minimax,51,63,61
"{'apertura': {'corner': 0.6306, 'mob': 0.5491, 'stable': 0.6641, 'parity': 0.441, 'pos': 0.6365}, 'medio': {'corner': 0.5947, 'mob': 0.5321, 'stable': 0.5838, 'parity': 0.4506, 'pos': 0.5436}, 'final': {'corner': 0.5029, 'mob': 0.3591, 'stable': 0.6588, 'parity': 0.519, 'pos': 0.612}}",minimax,"{'apertura': {'corner': 0.6306, 'mob': 0.5491, 'stable': 0.6641, 'parity': 0.441, 'pos': 0.6365}, 'medio': {'corner': 0.5947, 'mob': 0.5321, 'stable': 0.5838, 'parity': 0.4506, 'pos': 0.5436}, 'final': {'corner': 0.5029, 'mob': 0.3591, 'stable': 0.6588, 'parity': 0.519, 'pos': 0.612}}",49,61,60
"{'apertura': {'corner': 0.683, 'mob': 0.4931, 'stable': 0.6902, 'parity': 0.419, 'pos': 0.603}, 'medio': {'corner': 0.5313, 'mob': 0.5185, 'stable': 0.3755, 'parity': 0.5797, 'pos': 0.3661}, 'final': {'corner': 0.6444, 'mob': 0.3267, 'stable': 0.7048, 'parity': 0.7532, 'pos': 0.5117}}",minimax,minimax,38,60,60
"{'apertura': {'corner': 0.6062, 'mob': 0.5585, 'stable': 0.6906, 'parity': 0.4517, 'pos': 0.5799}, 'medio': {'corner': 0.5126, 'mob': 0.5231, 'stable': 0.493, 'parity': 0.5036, 'pos': 0.4474}, 'final': {'corner': 0.5226, 'mob': 0.3871, 'stable': 0.6672, 'parity': 0.6929, 'pos': 0.5353}}",minimax,"{'apertura': {'corner': 0.6062, 'mob': 0.5585, 'stable': 0.6906, 'parity': 0.4517, 'pos': 0.5799}, 'medio': {'corner': 0.5126, 'mob': 0.5231, 'stable': 0.493, 'parity': 0.5036, 'pos': 0.4474}, 'final': {'corner': 0.5226, 'mob': 0.3871, 'stable': 0.6672, 'parity': 0.6929, 'pos': 0.5353}}",50,62,59
"{'apertura': {'corner': 0.6785, 'mob': 0.5875, 'stable': 0.5912, 'parity': 0.5108, 'pos': 0.6347}, 'medio': {'corner': 0.3812, 'mob': 0.5799, 'stable': 0.3923, 'parity': 0.4637, 'pos': 0.5751}, 'final': {'corner': 0.5735, 'mob': 0.4327, 'stable': 0.7425, 'parity': 0.7244, 'pos': 0.5869}}",minimax,"{'apertura': {'corner': 0.6785, 'mob': 0.5875, 'stable': 0.5912, 'parity': 0.5108, 'pos': 0.6347}, 'medio': {'corner': 0.3812, 'mob': 0.5799, 'stable': 0.3923, 'parity': 0.4637, 'pos': 0.5751}, 'final': {'corner': 0.5735, 'mob': 0.4327, 'stable': 0.7425, 'parity': 0.7244, 'pos': 0.5869}}",35,64,62
"{'apertura': {'corner': 0.6559, 'mob': 0.6468, 'stable': 0.5886, 'parity': 0.5306, 'pos': 0.6172}, 'medio': {'corner': 0.3391, 'mob': 0.5774, 'stable': 0.4403, 'parity': 0.4313, 'pos': 0.6275}, 'final': {'corner': 0.4871, 'mob': 0.4908, 'stable': 0.7273, 'parity': 0.7102, 'pos': 0.6359}}",minimax,"{'apertura': {'corner': 0.6559, 'mob': 0.6468, 'stable': 0.5886, 'parity': 0.5306, 'pos': 0.6172}, 'medio': {'corner': 0.3391, 'mob': 0.5774, 'stable': 0.4403, 'parity': 0.4313, 'pos': 0.6275}, 'final': {'corner': 0.4871, 'mob': 0.4908, 'stable': 0.7273, 'parity': 0.7102, 'pos': 0.6359}}",39,62,59
"{'apertura': {'corner': 0.6132, 'mob': 0.5809, 'stable': 0.692, 'parity': 0.4335, 'pos': 0.569}, 'medio': {'corner': 0.471, 'mob': 0.5099, 'stable': 0.6036289707589242, 'parity': 0.4729, 'pos': 0.4346}, 'final': {'corner': 0.5025, 'mob': 0.4256, 'stable': 0.6432, 'parity': 0.7218, 'pos': 0.5532}}",minimax,minimax,47,64,60
"{'apertura': {'corner': 0.6139, 'mob': 0.5301, 'stable': 0.6176, 'parity': 0.3643, 'pos': 0.6816}, 'medio': {'corner': 0.629, 'mob': 0.4836, 'stable': 0.5612, 'parity': 0.4599, 'pos': 0.546}, 'final': {'corner': 0.4217, 'mob': 0.4095, 'stable': 0.5934, 'parity': 0.5219, 'pos': 0.6695}}",minimax,"{'apertura': {'corner': 0.6139, 'mob': 0.5301, 'stable': 0.6176, 'parity': 0.3643, 'pos': 0.6816}, 'medio': {'corner': 0.629, 'mob': 0.4836, 'stable': 0.5612, 'parity': 0.4599, 'pos': 0.546}, 'final': {'corner': 0.4217, 'mob': 0.4095, 'stable': 0.5934, 'parity': 0.5219, 'pos': 0.6695}}",34,64,62
"{'apertura': {'corner': 0.6308, 'mob': 0.5465, 'stable': 0.649, 'parity': 0.4515, 'pos': 0.6272}, 'medio': {'corner': 0.5565, 'mob': 0.5329, 'stable': 0.5207, 'parity': 0.4675, 'pos': 0.5014}, 'final': {'corner': 0.5315, 'mob': 0.3621, 'stable': 0.6712, 'parity': 0.6028, 'pos': 0.5679}}",minimax,"{'apertura': {'corner': 0.6308, 'mob': 0.5465, 'stable': 0.649, 'parity': 0.4515, 'pos': 0.6272}, 'medio': {'corner': 0.5565, 'mob': 0.5329, 'stable': 0.5207, 'parity': 0.4675, 'pos': 0.5014}, 'final': {'corner': 0.5315, 'mob': 0.3621, 'stable': 0.6712, 'parity': 0.6028, 'pos': 0.5679}}",35,64,60
"{'apertura': {'corner': 0.603707981906049, 'mob': 0.537, 'stable': 0.6257, 'parity': 0.4132, 'pos': 0.6498}, 'medio': {'corner': 0.5737, 'mob': 0.5086, 'stable': 0.5093, 'parity': 0.4721, 'pos': 0.5027}, 'final': {'corner': 0.4909, 'mob': 0.3873, 'stable': 0.6384, 'parity': 0.6042, 'pos': 0.5967}}",minimax,"{'apertura': {'corner': 0.603707981906049, 'mob': 0.537, 'stable': 0.6257, 'parity': 0.4132, 'pos': 0.6498}, 'medio': {'corner': 0.5737, 'mob': 0.5086, 'stable': 0.5093, 'parity': 0.4721, 'pos': 0.5027}, 'final': {'corner': 0.4909, 'mob': 0.3873, 'stable': 0.6384, 'parity': 0.6042, 'pos': 0.5967}}",46,64,61
"{'apertura': {'corner': 0.6484, 'mob': 0.5116, 'stable': 0.6539, 'parity': 0.3916, 'pos': 0.6423}, 'medio': {'corner': 0.5801, 'mob': 0.501, 'stable': 0.4684, 'parity': 0.5198, 'pos': 0.4561}, 'final': {'corner': 0.5331, 'mob': 0.3681, 'stable': 0.6491, 'parity': 0.6376, 'pos': 0.5906}}",minimax,"{'apertura': {'corner': 0.6484, 'mob': 0.5116, 'stable': 0.6539, 'parity': 0.3916, 'pos': 0.6423}, 'medio': {'corner': 0.5801, 'mob': 0.501, 'stable': 0.4684, 'parity': 0.5198, 'pos': 0.4561}, 'final': {'corner': 0.5331, 'mob': 0.3681, 'stable': 0.6491, 'parity': 0.6376, 'pos': 0.5906}}",43,64,60
"{'apertura': {'corner': 0.6785, 'mob': 0.5875, 'stable': 0.5912, 'parity': 0.5108, 'pos': 0.6347}, 'medio': {'corner': 0.3812, 'mob': 0.5799, 'stable': 0.3923, 'parity': 0.4637, 'pos': 0.5751}, 'final': {'corner': 0.5735, 'mob': 0.4327, 'stable': 0.7425, 'parity': 0.7244, 'pos': 0.5869}}",minimax,"{'apertura': {'corner': 0.6785, 'mob': 0.5875, 'stable': 0.5912, 'parity': 0.5108, 'pos': 0.6347}, 'medio': {'corner': 0.3812, 'mob': 0.5799, 'stable': 0.3923, 'parity': 0.4637, 'pos': 0.5751}, 'final': {'corner': 0.5735, 'mob': 0.4327, 'stable': 0.7425, 'parity': 0.7244, 'pos': 0.5869}}",47,64,62
"{'apertura': {'corner': 0.6377, 'mob': 0.6118, 'stable': 0.6851, 'parity': 0.4586, 'pos': 0.568}, 'medio': {'corner': 0.447, 'mob': 0.5134, 'stable': 0.4714, 'parity': 0.5147, 'pos': 0.4709}, 'final': {'corner': 0.47168127778845786, 'mob': 0.4428, 'stable': 0.6744, 'parity': 0.7249, 'pos': 0.6098}}",minimax,minimax,49,64,62
"{'apertura': {'corner': 0.5791, 'mob': 0.5769, 'stable': 0.6017, 'parity': 0.4271, 'pos': 0.6209}, 'medio': {'corner': 0.5047, 'mob': 0.498, 'stable': 0.4943, 'parity': 0.4526, 'pos': 0.4506}, 'final': {'corner': 0.4665, 'mob': 0.4294, 'stable': 0.5885, 'parity': 0.6726, 'pos': 0.5249}}",minimax,minimax,35,64,60
"{'apertura': {'corner': 0.6821966089203798, 'mob': 0.6109, 'stable': 0.6273, 'parity': 0.4254, 'pos': 0.5959}, 'medio': {'corner': 0.469, 'mob': 0.4879, 'stable': 0.5012, 'parity': 0.4677, 'pos': 0.4564}, 'final': {'corner': 0.4222, 'mob': 0.4682, 'stable': 0.5839, 'parity': 0.6919, 'pos': 0.5679}}",minimax,minimax,42,64,60
"{'apertura': {'corner': 0.603707981906049, 'mob': 0.537, 'stable': 0.6257, 'parity': 0.4132, 'pos': 0.6498}, 'medio': {'corner': 0.5737, 'mob': 0.5086, 'stable': 0.5093, 'parity': 0.4721, 'pos': 0.5027}, 'final': {'corner': 0.4909, 'mob': 0.3873, 'stable': 0.6384, 'parity': 0.6042, 'pos': 0.5967}}",minimax,minimax,45,59,60
"{'apertura': {'corner': 0.6306, 'mob': 0.5491, 'stable': 0.6641, 'parity': 0.441, 'pos': 0.6365}, 'medio': {'corner': 0.5947, 'mob': 0.5321, 'stable': 0.5838, 'parity': 0.4506, 'pos': 0.5436}, 'final': {'corner': 0.5029, 'mob': 0.3591, 'stable': 0.6588, 'parity': 0.519, 'pos': 0.612}}",minimax,minimax,43,64,60
"{'apertura': {'corner': 0.5927, 'mob': 0.5735, 'stable': 0.5518, 'parity': 0.4087, 'pos': 0.6689}, 'medio': {'corner': 0.4902, 'mob': 0.5016, 'stable': 0.4784, 'parity': 0.4308, 'pos': 0.5279}, 'final': {'corner': 0.4404, 'mob': 0.4674, 'stable': 0.5814, 'parity': 0.6416, 'pos': 0.5857}}",minimax,minimax,43,64,60
"{'apertura': {'corner': 0.6423, 'mob': 0.573, 'stable': 0.6409, 'parity': 0.4813, 'pos': 0.6073}, 'medio': {'corner': 0.4469, 'mob': 0.5515, 'stable': 0.4426, 'parity': 0.4837, 'pos': 0.5112}, 'final': {'corner': 0.548, 'mob': 0.4099, 'stable': 0.7048, 'parity': 0.7087, 'pos': 0.5611}}",minimax,"{'apertura': {'corner': 0.6423, 'mob': 0.573, 'stable': 0.6409, 'parity': 0.4813, 'pos': 0.6073}, 'medio': {'corner': 0.4469, 'mob': 0.5515, 'stable': 0.4426, 'parity': 0.4837, 'pos': 0.5112}, 'final': {'corner': 0.548, 'mob': 0.4099, 'stable': 0.7048, 'parity': 0.7087, 'pos': 0.5611}}",40,64,60
"{'apertura': {'corner': 0.6223, 'mob': 0.5383, 'stable': 0.6333, 'parity': 0.4079, 'pos': 0.6544}, 'medio': {'corner': 0.5927, 'mob': 0.5082, 'stable': 0.541, 'parity': 0.4637, 'pos': 0.5237}, 'final': {'corner': 0.4766, 'mob': 0.3858, 'stable': 0.6323, 'parity': 0.5624, 'pos': 0.6187}}",minimax,minimax,48,63,60
"{'apertura': {'corner': 0.6484, 'mob': 0.5116, 'stable': 0.6539, 'parity': 0.3916, 'pos': 0.6423}, 'medio': {'corner': 0.5801, 'mob': 0.501, 'stable': 0.4684, 'parity': 0.5198, 'pos': 0.4561}, 'final': {'corner': 0.5331, 'mob': 0.3681, 'stable': 0.6491, 'parity': 0.6376, 'pos': 0.5906}}",minimax,"{'apertura': {'corner': 0.6484, 'mob': 0.5116, 'stable': 0.6539, 'parity': 0.3916, 'pos': 0.6423}, 'medio': {'corner': 0.5801, 'mob': 0.501, 'stable': 0.4684, 'parity': 0.5198, 'pos': 0.4561}, 'final': {'corner': 0.5331, 'mob': 0.3681, 'stable': 0.6491, 'parity': 0.6376, 'pos': 0.5906}}",42,64,63
"{'apertura': {'corner': 0.6395, 'mob': 0.5304, 'stable': 0.659, 'parity': 0.4163, 'pos': 0.6394}, 'medio': {'corner': 0.5874, 'mob': 0.5166, 'stable': 0.5261, 'parity': 0.4852, 'pos': 0.4999}, 'final': {'corner': 0.518, 'mob': 0.3636, 'stable': 0.654, 'parity': 0.5783, 'pos': 0.6013}}",minimax,minimax,41,64,60
"{'apertura': {'corner': 0.6062, 'mob': 0.5585, 'stable': 0.6906, 'parity': 0.4517, 'pos': 0.5799}, 'medio': {'corner': 0.5126, 'mob': 0.5231, 'stable': 0.493, 'parity': 0.5036, 'pos': 0.4474}, 'final': {'corner': 0.5226, 'mob': 0.3871, 'stable': 0.6672, 'parity': 0.6929, 'pos': 0.5353}}",minimax,"{'apertura': {'corner': 0.6062, 'mob': 0.5585, 'stable': 0.6906, 'parity': 0.4517, 'pos': 0.5799}, 'medio': {'corner': 0.5126, 'mob': 0.5231, 'stable': 0.493, 'parity': 0.5036, 'pos': 0.4474}, 'final': {'corner': 0.5226, 'mob': 0.3871, 'stable': 0.6672, 'parity': 0.6929, 'pos': 0.5353}}",43,64,60
"{'apertura': {'corner': 0.6785, 'mob': 0.5875, 'stable': 0.5912, 'parity': 0.5108, 'pos': 0.6347}, 'medio': {'corner': 0.3812, 'mob': 0.5799, 'stable': 0.3923, 'parity': 0.4637, 'pos': 0.5751}, 'final': {'corner': 0.5735, 'mob': 0.4327, 'stable': 0.7425, 'parity': 0.7244, 'pos': 0.5869}}",minimax,minimax,45,64,61
"{'apertura': {'corner': 0.6048, 'mob': 0.563, 'stable': 0.6329, 'parity': 0.434, 'pos': 0.6287}, 'medio': {'corner': 0.5497, 'mob': 0.5151, 'stable': 0.5391, 'parity': 0.4516, 'pos': 0.4971}, 'final': {'corner': 0.4847, 'mob': 0.3942, 'stable': 0.6237, 'parity': 0.5958, 'pos': 0.5685}}",minimax,minimax,41,64,60
"{'apertura': {'corner': 0.6265, 'mob': 0.6498728563627083, 'stable': 0.6595, 'parity': 0.3179, 'pos': 0.6482}, 'medio': {'corner': 0.5955, 'mob': 0.4537, 'stable': 0.4398, 'parity': 0.5213, 'pos': 0.3604}, 'final': {'corner': 0.5238, 'mob': 0.3859, 'stable': 0.5544, 'parity': 0.6657, 'pos': 0.5447}}",minimax,minimax,34,63,60
"{'apertura': {'corner': 0.6139, 'mob': 0.5301, 'stable': 0.6176, 'parity': 0.3643, 'pos': 0.6816}, 'medio': {'corner': 0.629, 'mob': 0.4836, 'stable': 0.5612, 'parity': 0.4599, 'pos': 0.546}, 'final': {'corner': 0.4217, 'mob': 0.4095, 'stable': 0.5934, 'parity': 0.5219, 'pos': 0.6695}}",minimax,minimax,42,64,61
"{'apertura': {'corner': 0.6559, 'mob': 0.6468, 'stable': 0.5886, 'parity': 0.5306, 'pos': 0.6172}, 'medio': {'corner': 0.3391, 'mob': 0.5774, 'stable': 0.4403, 'parity': 0.4313, 'pos': 0.6275}, 'final': {'corner': 0.4871, 'mob': 0.4908, 'stable': 0.7273, 'parity': 0.7102, 'pos': 0.6359}}",minimax,"{'apertura': {'corner': 0.6559, 'mob': 0.6468, 'stable': 0.5886, 'parity': 0.5306, 'pos': 0.6172}, 'medio': {'corner': 0.3391, 'mob': 0.5774, 'stable': 0.4403, 'parity': 0.4313, 'pos': 0.6275}, 'final': {'corner': 0.4871, 'mob': 0.4908, 'stable': 0.7273, 'parity': 0.7102, 'pos': 0.6359}}",42,64,60
"{'apertura': {'corner': 0.6434, 'mob': 0.5151, 'stable': 0.658, 'parity': 0.4161, 'pos': 0.6264}, 'medio': {'corner': 0.5525, 'mob': 0.5135, 'stable': 0.4424, 'parity': 0.5259, 'pos': 0.4344}, 'final': {'corner': 0.5676, 'mob': 0.357, 'stable': 0.6716, 'parity': 0.6787, 'pos': 0.5542}}",minimax,minimax,36,64,61
"{'apertura': {'corner': 0.6653, 'mob': 0.5613, 'stable': 0.6406, 'parity': 0.4085, 'pos': 0.6191}, 'medio': {'corner': 0.5210070597615903, 'mob': 0.4945, 'stable': 0.4848, 'parity': 0.4938, 'pos': 0.4562}, 'final': {'corner': 0.4777, 'mob': 0.4182, 'stable': 0.6165, 'parity': 0.6647, 'pos': 0.5793}}",minimax,minimax,36,64,60
"{'apertura': {'corner': 0.6308, 'mob': 0.5465, 'stable': 0.649, 'parity': 0.4515, 'pos': 0.6272}, 'medio': {'corner': 0.5565, 'mob': 0.5329, 'stable': 0.5207, 'parity': 0.4675, 'pos': 0.5014}, 'final': {'corner': 0.5315, 'mob': 0.3621, 'stable': 0.6712, 'parity': 0.6028, 'pos': 0.5679}}",minimax,minimax,50,64,60
"{'apertura': {'corner': 0.6559, 'mob': 0.6468, 'stable': 0.5886, 'parity': 0.5306, 'pos': 0.6172}, 'medio': {'corner': 0.3391, 'mob': 0.5774, 'stable': 0.4403, 'parity': 0.4313, 'pos': 0.6275}, 'final': {'corner': 0.4871, 'mob': 0.4908, 'stable': 0.7273, 'parity': 0.7102, 'pos': 0.6359}}",minimax,"{'apertura': {'corner': 0.6559, 'mob': 0.6468, 'stable': 0.5886, 'parity': 0.5306, 'pos': 0.6172}, 'medio': {'corner': 0.3391, 'mob': 0.5774, 'stable': 0.4403, 'parity': 0.4313, 'pos': 0.6275}, 'final': {'corner': 0.4871, 'mob': 0.4908, 'stable': 0.7273, 'parity': 0.7102, 'pos': 0.6359}}",42,64,60
"{'apertura': {'corner': 0.6423, 'mob': 0.573, 'stable': 0.6409, 'parity': 0.4813, 'pos': 0.6073}, 'medio': {'corner': 0.4469, 'mob': 0.5515, 'stable': 0.4426, 'parity': 0.4837, 'pos': 0.5112}, 'final': {'corner': 0.548, 'mob': 0.4099, 'stable': 0.7048, 'parity': 0.7087, 'pos': 0.5611}}",minimax,minimax,43,61,60
"{'apertura': {'corner': 0.61, 'mob': 0.5443, 'stable': 0.6541, 'parity': 0.408, 'pos': 0.6307}, 'medio': {'corner': 0.5708, 'mob': 0.5033, 'stable': 0.5271, 'parity': 0.4818, 'pos': 0.4967}, 'final': {'corner': 0.4721, 'mob': 0.3983, 'stable': 0.6303, 'parity': 0.6074, 'pos': 0.6024}}",minimax,minimax,35,61,60
"{'apertura': {'corner': 0.6484, 'mob': 0.5116, 'stable': 0.6539, 'parity': 0.3916, 'pos': 0.6423}, 'medio': {'corner': 0.5801, 'mob': 0.501, 'stable': 0.4684, 'parity': 0.5198, 'pos': 0.4561}, 'final': {'corner': 0.5331, 'mob': 0.3681, 'stable': 0.6491, 'parity': 0.6376, 'pos': 0.5906}}",minimax,minimax,36,63,60
"{'apertura': {'corner': 0.6062, 'mob': 0.5585, 'stable': 0.6906, 'parity': 0.4517, 'pos': 0.5799}, 'medio': {'corner': 0.5126, 'mob': 0.5231, 'stable': 0.493, 'parity': 0.5036, 'pos': 0.4474}, 'final': {'corner': 0.5226, 'mob': 0.3871, 'stable': 0.6672, 'parity': 0.6929, 'pos': 0.5353}}",minimax,"{'apertura': {'corner': 0.6062, 'mob': 0.5585, 'stable': 0.6906, 'parity': 0.4517, 'pos': 0.5799}, 'medio': {'corner': 0.5126, 'mob': 0.5231, 'stable': 0.493, 'parity': 0.5036, 'pos': 0.4474}, 'final': {'corner': 0.5226, 'mob': 0.3871, 'stable': 0.6672, 'parity': 0.6929, 'pos': 0.5353}}",38,64,60
"{'apertura': {'corner': 0.6546, 'mob': 0.567, 'stable': 0.6201, 'parity': 0.4812, 'pos': 0.631}, 'medio': {'corner': 0.4688, 'mob': 0.5564, 'stable': 0.4565, 'parity': 0.4656, 'pos': 0.5382}, 'final': {'corner': 0.5525, 'mob': 0.3974, 'stable': 0.7068, 'parity': 0.6636, 'pos': 0.5774}}",minimax,minimax,47,64,62
"{'apertura': {'corner': 0.6785, 'mob': 0.5875, 'stable': 0.5912, 'parity': 0.5108, 'pos': 0.6347}, 'medio': {'corner': 0.3812, 'mob': 0.5799, 'stable': 0.3923, 'parity': 0.4637, 'pos': 0.5751}, 'final': {'corner': 0.5735, 'mob': 0.4327, 'stable': 0.7425, 'parity': 0.7244, 'pos': 0.5869}}",minimax,"{'apertura': {'corner': 0.6785, 'mob': 0.5875, 'stable': 0.5912, 'parity': 0.5108, 'pos': 0.6347}, 'medio': {'corner': 0.3812, 'mob': 0.5799, 'stable': 0.3923, 'parity': 0.4637, 'pos': 0.5751}, 'final': {'corner': 0.5735, 'mob': 0.4327, 'stable': 0.7425, 'parity': 0.7244, 'pos': 0.5869}}",37,62,59
"{'apertura': {'corner': 0.6395, 'mob': 0.5304, 'stable': 0.659, 'parity': 0.4163, 'pos': 0.6394}, 'medio': {'corner': 0.5874, 'mob': 0.5166, 'stable': 0.5261, 'parity': 0.4852, 'pos': 0.4999}, 'final': {'corner': 0.518, 'mob': 0.3636, 'stable': 0.654, 'parity': 0.5783, 'pos': 0.6013}}",minimax,minimax,42,64,60
"{'apertura': {'corner': 0.618, 'mob': 0.5443, 'stable': 0.6049, 'parity': 0.4124, 'pos': 0.6477}, 'medio': {'corner': 0.5213, 'mob': 0.5075, 'stable': 0.4604, 'parity': 0.4784, 'pos': 0.4812}, 'final': {'corner': 0.504, 'mob': 0.4122, 'stable': 0.6265, 'parity': 0.6602, 'pos': 0.5699}}",minimax,"{'apertura': {'corner': 0.618, 'mob': 0.5443, 'stable': 0.6049, 'parity': 0.4124, 'pos': 0.6477}, 'medio': {'corner': 0.5213, 'mob': 0.5075, 'stable': 0.4604, 'parity': 0.4784, 'pos': 0.4812}, 'final': {'corner': 0.504, 'mob': 0.4122, 'stable': 0.6265, 'parity': 0.6602, 'pos': 0.5699}}",37,63,59
"{'apertura': {'corner': 0.659, 'mob': 0.559, 'stable': 0.6251, 'parity': 0.4636, 'pos': 0.6371}, 'medio': {'corner': 0.4843, 'mob': 0.5482, 'stable': 0.4592, 'parity': 0.4745, 'pos': 0.5375}, 'final': {'corner': 0.5457, 'mob': 0.3982, 'stable': 0.6983, 'parity': 0.6514, 'pos': 0.5941}}",minimax,"{'apertura': {'corner': 0.659, 'mob': 0.559, 'stable': 0.6251, 'parity': 0.4636, 'pos': 0.6371}, 'medio': {'corner': 0.4843, 'mob': 0.5482, 'stable': 0.4592, 'parity': 0.4745, 'pos': 0.5375}, 'final': {'corner': 0.5457, 'mob': 0.3982, 'stable': 0.6983, 'parity': 0.6514, 'pos': 0.5941}}",50,63,64
"{'apertura': {'corner': 0.6306, 'mob': 0.5491, 'stable': 0.6641, 'parity': 0.441, 'pos': 0.6365}, 'medio': {'corner': 0.5947, 'mob': 0.5321, 'stable': 0.5838, 'parity': 0.4506, 'pos': 0.5436}, 'final': {'corner': 0.5029, 'mob': 0.3591, 'stable': 0.6588, 'parity': 0.519, 'pos': 0.612}}",minimax,minimax,53,64,60
"{'apertura': {'corner': 0.6459, 'mob': 0.6056, 'stable': 0.6501, 'parity': 0.3632, 'pos': 0.6337}, 'medio': {'corner': 0.5583, 'mob': 0.4741, 'stable': 0.4623, 'parity': 0.5075, 'pos': 0.4083}, 'final': {'corner': 0.5008, 'mob': 0.4021, 'stable': 0.5855, 'parity': 0.6652, 'pos': 0.562}}",minimax,"{'apertura': {'corner': 0.6459, 'mob': 0.6056, 'stable': 0.6501, 'parity': 0.3632, 'pos': 0.6337}, 'medio': {'corner': 0.5583, 'mob': 0.4741, 'stable': 0.4623, 'parity': 0.5075, 'pos': 0.4083}, 'final': {'corner': 0.5008, 'mob': 0.4021, 'stable': 0.5855, 'parity': 0.6652, 'pos': 0.562}}",36,64,60
"{'apertura': {'corner': 0.5927, 'mob': 0.5735, 'stable': 0.5518, 'parity': 0.4087, 'pos': 0.6689}, 'medio': {'corner': 0.4902, 'mob': 0.5016, 'stable': 0.4784, 'parity': 0.4308, 'pos': 0.5279}, 'final': {'corner': 0.4404, 'mob': 0.4674, 'stable': 0.5814, 'parity': 0.6416, 'pos': 0.5857}}",minimax,"{'apertura': {'corner': 0.5927, 'mob': 0.5735, 'stable': 0.5518, 'parity': 0.4087, 'pos': 0.6689}, 'medio': {'corner': 0.4902, 'mob': 0.5016, 'stable': 0.4784, 'parity': 0.4308, 'pos': 0.5279}, 'final': {'corner': 0.4404, 'mob': 0.4674, 'stable': 0.5814, 'parity': 0.6416, 'pos': 0.5857}}",37,63,59
"{'apertura': {'corner': 0.6481, 'mob': 0.5539, 'stable': 0.6448, 'parity': 0.43, 'pos': 0.6231}, 'medio': {'corner': 0.44243061500968794, 'mob': 0.5137, 'stable': 0.5028, 'parity': 0.4807, 'pos': 0.4788}, 'final': {'corner': 0.5046, 'mob': 0.3901, 'stable': 0.6439, 'parity': 0.6338, 'pos': 0.5736}}",minimax,minimax,44,64,60
"{'apertura': {'corner': 0.6349, 'mob': 0.5825, 'stable': 0.6587, 'parity': 0.367, 'pos': 0.6373}, 'medio': {'corner': 0.574, 'mob': 0.4836, 'stable': 0.4411, 'parity': 0.5236, 'pos': 0.3974}, 'final': {'corner': 0.5457, 'mob': 0.3715, 'stable': 0.613, 'parity': 0.6722, 'pos': 0.5494}}",minimax,"{'apertura': {'corner': 0.6349, 'mob': 0.5825, 'stable': 0.6587, 'parity': 0.367, 'pos': 0.6373}, 'medio': {'corner': 0.574, 'mob': 0.4836, 'stable': 0.4411, 'parity': 0.5236, 'pos': 0.3974}, 'final': {'corner': 0.5457, 'mob': 0.3715, 'stable': 0.613, 'parity': 0.6722, 'pos': 0.5494}}",48,64,60
"{'apertura': {'corner': 0.6285, 'mob': 0.5995, 'stable': 0.6618, 'parity': 0.3795, 'pos': 0.6423}, 'medio': {'corner': 0.5951, 'mob': 0.4929, 'stable': 0.5118, 'parity': 0.4859, 'pos': 0.452}, 'final': {'corner': 0.5133, 'mob': 0.3725, 'stable': 0.6066, 'parity': 0.5923, 'pos': 0.5783}}",minimax,"{'apertura': {'corner': 0.6285, 'mob': 0.5995, 'stable': 0.6618, 'parity': 0.3795, 'pos': 0.6423}, 'medio': {'corner': 0.5951, 'mob': 0.4929, 'stable': 0.5118, 'parity': 0.4859, 'pos': 0.452}, 'final': {'corner': 0.5133, 'mob': 0.3725, 'stable': 0.6066, 'parity': 0.5923, 'pos': 0.5783}}",40,64,60
